GR_NO,ADMISSION_FEE,ICARD,APR_JUN_TUTION,APR_JUN_ATITVITY,LATE_FEES,JUL_SEP_TUTION,JUL_SEP_ACTIVITY,OCT_DEC_TUTION,OCT_DEC_ACTIVITY,JAN_MAR_TUTION,JAN_MAR_ACTIVITY,OTHERS
1248,0,0,0,0,0,0,0,0,0,0,0,0
1249,0,0,0,0,0,0,0,0,0,8685,0,0
1250,0,0,0,0,0,0,0,0,0,0,0,0
1251,0,0,0,0,0,0,0,8685,0,8685,0,0
1254,0,0,0,0,0,8685,0,8685,0,8685,0,0
1261,0,0,0,0,0,0,0,0,0,0,0,0
1263,0,0,0,0,0,0,0,0,0,7170,0,0
1264,0,0,0,0,0,0,0,0,0,0,0,0
1265,0,0,0,0,0,0,0,0,0,0,0,0
1270,0,0,0,0,0,0,0,0,0,7170,0,0
1271,0,0,0,0,0,0,0,0,0,0,0,0
1272,0,0,0,0,0,0,0,7170,0,7170,0,0
1275,0,0,0,0,0,0,0,0,0,0,0,0
1277,0,0,0,0,0,0,0,0,0,7170,0,0
1279,0,0,0,0,0,0,0,0,0,0,0,0
1281,0,0,0,0,0,0,0,0,0,7685,0,0
1286,0,0,0,0,0,0,0,7170,0,7170,0,0
1287,0,0,7170,0,0,0,0,0,0,7170,0,0
1288,0,0,0,0,0,0,0,0,0,0,0,0
1290,0,0,0,0,0,0,0,0,0,0,0,0
1293,0,0,0,0,0,0,0,0,0,0,0,0
1297,0,0,0,0,0,0,0,0,0,8685,0,0
1298,0,0,7170,0,0,0,0,0,0,7170,0,0
1301,0,0,7170,0,0,0,0,0,0,0,0,0
1302,0,0,7170,0,0,0,0,0,0,7170,0,0
1305,0,0,0,0,0,0,0,0,0,8685,0,0
1306,0,0,0,0,0,0,0,0,0,8685,0,0
1307,0,0,0,0,0,0,0,0,0,7170,0,0
1308,0,0,0,0,0,0,0,0,0,8685,0,0
1310,0,0,5210,0,0,5210,0,5210,0,5210,0,0
1311,0,0,0,0,0,0,0,0,0,0,0,0
1312,0,0,0,0,0,0,0,7170,0,7170,0,0
1313,0,0,0,0,0,0,0,0,0,0,0,0
1316,0,0,0,0,0,0,0,0,0,7170,0,0
1324,0,0,0,0,0,0,0,0,0,0,0,0
1328,0,0,0,0,0,0,0,0,0,0,0,0
1334,0,0,0,0,0,0,0,0,0,0,0,0
1335,0,0,0,0,0,0,0,7170,0,7170,0,0
1336,0,0,0,0,0,0,0,7170,0,7170,0,0
1337,0,0,7170,0,0,0,0,0,0,7170,0,0
1339,0,0,0,0,0,0,0,0,0,0,0,0
1342,0,0,0,0,0,0,0,0,0,7200,0,0
1344,0,0,0,0,0,0,0,7170,0,7170,0,0
1347,0,0,7170,0,0,7170,0,7170,0,7170,0,0
1348,0,0,0,0,0,0,0,8685,0,8685,0,0
1349,0,0,0,0,0,0,0,0,0,0,0,0
1355,0,0,0,0,0,0,0,0,0,0,0,0
1356,0,0,0,0,0,0,0,0,0,0,0,0
1357,0,0,0,0,0,0,0,0,0,8685,0,0
1359,0,0,0,0,0,0,0,0,0,7170,0,0
1360,0,0,0,0,0,0,0,0,0,0,0,0
1363,0,0,0,0,0,0,0,0,0,0,0,0
1365,0,0,0,0,0,0,0,0,0,0,0,0
1368,0,0,0,0,0,0,0,0,0,0,0,0
1369,0,0,0,0,0,0,0,0,0,0,0,0
1371,0,0,0,0,0,0,0,7170,0,7170,0,0
1376,0,0,0,0,0,0,0,0,0,0,0,0
1378,0,0,0,0,0,0,0,7170,0,7170,0,0
1380,0,0,0,0,0,0,0,0,0,7170,0,0
1381,0,0,0,0,0,0,0,0,0,8685,0,0
1384,0,0,0,0,0,0,0,0,0,0,0,0
1385,0,0,0,0,0,0,0,0,0,0,0,0
1387,0,0,0,0,0,0,0,0,0,7170,0,0
1391,0,0,0,0,0,0,0,0,0,8685,0,0
1395,0,0,0,0,0,0,0,0,0,0,0,0
1398,0,0,0,0,0,0,0,0,0,0,0,0
1400,0,0,0,0,0,0,0,0,0,0,0,0
1402,0,0,0,0,0,0,0,0,0,0,0,0
1404,0,0,0,0,0,0,0,0,0,0,0,0
1405,0,0,0,0,0,0,0,0,0,0,0,0
1406,0,0,0,0,0,1436,0,1437,0,1437,0,0
1410,0,0,8685,0,0,8685,0,0,0,0,0,0
1411,0,0,0,0,0,0,0,0,0,7170,0,0
1415,0,0,0,0,0,0,0,0,0,7170,0,0
1419,0,0,7170,0,0,7170,0,0,0,7170,0,0
1422,0,0,0,0,0,0,0,0,0,0,0,0
1425,0,0,0,0,0,0,0,0,0,0,0,0
1427,0,0,0,0,0,0,0,0,0,0,0,0
1433,0,0,0,0,0,0,0,0,0,0,0,0
1437,0,0,0,0,0,0,0,0,0,0,0,0
1442,0,0,0,0,0,0,0,0,0,0,0,0
1444,0,0,0,0,0,0,0,7170,0,7170,0,0
1446,0,0,0,0,0,0,0,0,0,0,0,0
1452,0,0,0,0,0,0,0,0,0,0,0,0
1455,0,0,0,0,0,0,0,0,0,7170,0,0
1457,0,0,0,0,0,0,0,0,0,7170,0,0
1460,0,0,7170,0,0,7170,0,0,0,0,0,0
1463,0,0,0,0,0,0,0,0,0,0,0,0
1465,0,0,0,0,0,0,0,0,0,5380,600,0
1466,0,0,0,0,0,0,0,0,0,5380,600,0
1468,0,0,0,0,0,0,0,0,0,0,0,0
1469,0,0,5380,600,0,5380,600,0,0,0,0,0
1472,0,0,0,0,0,0,0,0,0,0,0,0
1473,0,0,0,0,0,0,0,0,0,0,0,0
1474,0,0,0,0,0,0,0,0,0,5380,600,0
1475,0,0,5380,600,0,5380,600,0,0,0,0,0
1476,0,0,0,0,0,0,0,0,0,0,0,0
1477,0,0,0,0,0,5380,600,5380,600,5380,600,0
1478,0,0,0,0,0,0,0,5380,600,5380,600,0
1479,0,0,0,0,0,0,0,0,0,0,0,0
1480,0,0,0,0,0,0,0,0,0,0,0,0
1482,0,0,5380,600,0,5380,600,0,0,5380,600,0
1483,0,0,0,0,0,0,0,0,0,0,0,0
1484,0,0,7170,0,0,0,0,0,0,7170,0,0
1485,0,0,0,0,0,0,0,0,0,5380,600,0
1486,0,0,5380,600,0,0,0,0,0,5380,600,0
1487,0,0,0,0,0,5380,600,5380,600,5380,600,0
1488,0,0,0,0,0,0,0,0,0,0,0,0
1489,0,0,0,0,0,0,0,0,0,0,0,0
1491,0,0,0,0,0,0,0,0,0,0,0,0
1493,0,0,5380,600,0,5380,600,5380,600,5380,600,0
1494,0,0,0,0,0,0,0,0,0,0,0,0
1496,0,0,5380,600,0,5380,600,5380,600,5380,600,0
1497,0,0,0,0,0,0,0,0,0,0,0,0
1498,0,0,0,0,0,0,0,0,0,5380,600,0
1499,0,0,0,0,0,0,0,0,0,0,0,0
1501,0,0,0,0,0,0,0,0,0,0,0,0
1502,0,0,5380,600,0,5380,600,0,0,5380,600,0
1503,0,0,0,0,0,0,0,0,0,0,0,0
1506,0,0,0,0,0,0,0,0,0,0,0,0
1507,0,0,5380,600,0,5380,600,5380,600,5380,600,0
1508,0,0,0,0,0,0,0,0,0,5380,600,0
1511,0,0,0,0,0,0,0,0,0,5380,600,0
1512,0,0,0,0,0,0,0,0,0,0,0,0
1513,0,0,0,0,0,0,0,0,0,0,0,0
1515,0,0,0,0,0,0,0,0,0,0,0,0
1516,0,0,7170,0,0,7170,0,7170,0,7170,0,0
1518,0,0,0,0,0,0,0,0,0,7170,0,0
1519,0,0,0,0,0,0,0,7170,0,7170,0,0
1520,0,0,0,0,0,0,0,0,0,5380,600,0
1521,0,0,0,0,0,0,0,0,0,0,0,0
1530,0,0,0,0,0,0,0,0,0,5380,600,0
1531,0,0,0,0,0,0,0,5380,600,5380,600,0
1532,0,0,0,0,0,0,0,0,0,5380,600,0
1533,0,0,0,0,0,0,0,0,0,8685,0,0
1539,0,0,0,0,0,0,0,0,0,5380,600,0
1634,0,0,0,0,0,0,0,0,0,5380,600,0
1654,0,0,0,0,0,0,0,0,0,0,0,0
1661,0,0,5380,600,0,0,0,0,0,5380,600,0
1674,0,0,0,0,0,0,0,7170,0,7170,0,0
1675,0,0,0,0,0,0,0,0,0,0,0,0
1679,0,0,0,0,0,0,0,0,0,0,0,0
1694,0,0,0,0,0,0,0,0,0,0,0,0
1699,0,0,0,0,0,0,0,0,0,0,0,0
1700,0,0,0,0,0,0,0,0,0,0,0,0
1714,0,0,0,0,0,0,0,0,0,5380,600,0
1724,0,0,0,0,0,0,0,0,0,0,0,0
1754,0,0,0,0,0,0,0,0,0,0,0,0
1763,2900,500,8685,0,0,8685,0,8685,0,8685,0,0
1771,0,0,0,0,0,0,0,7170,0,7170,0,0
1821,0,0,5380,600,0,5380,600,5380,600,5380,600,0
1822,0,0,5380,600,0,5380,600,0,0,0,0,0
1823,0,0,5380,600,0,5380,600,5380,600,5380,600,0
1825,0,0,5380,600,0,5380,600,5380,600,5380,600,0
1826,0,0,5380,600,0,5380,600,0,0,5380,600,0
1827,0,0,5380,600,0,5380,600,5380,600,5380,600,0
1829,0,0,5380,600,0,5380,600,5380,600,5380,600,0
1830,0,0,5380,600,0,5380,600,0,0,5380,600,0
1831,0,0,5380,600,0,5380,600,0,0,0,0,0
1832,1800,500,5380,600,0,5380,600,5380,600,5380,600,0
1833,0,0,0,0,0,0,0,0,0,0,0,0
1836,0,0,5380,600,0,5380,600,0,0,5380,600,0
1837,0,0,5380,600,0,5380,600,5380,600,5380,600,0
1838,0,0,5380,600,0,0,0,5380,600,5380,600,0
1840,0,0,0,0,0,0,0,5380,600,5380,600,0
1841,0,0,0,0,0,0,0,5380,600,5380,600,0
1842,1800,500,5380,600,0,5380,600,5380,600,5380,600,0
1843,0,0,5380,600,0,5380,600,5380,600,5380,600,0
1845,0,0,5380,600,0,5380,600,0,0,0,0,0
1847,0,0,5380,600,0,5380,600,0,0,5380,600,0
1848,0,0,0,0,0,0,0,0,0,5380,600,0
1849,0,0,5380,600,0,5380,600,5380,600,5380,600,0
1851,1800,500,5380,600,0,5380,600,5380,600,5380,600,0
1852,1800,500,5380,600,0,5380,600,5380,600,5380,600,0
1853,0,0,5380,600,0,5380,600,0,0,0,0,0
1854,1800,500,5380,600,0,5380,600,5380,600,5380,600,0
1855,1800,500,5380,600,0,5380,600,5380,600,5380,600,0
1856,0,0,5380,600,0,5380,600,5380,600,5380,600,0
1858,0,0,5380,600,0,0,0,0,0,5380,600,0
1860,0,0,0,0,0,0,0,0,0,5380,600,0
1861,0,0,5380,600,0,5380,600,0,0,5380,600,0
1862,0,0,5380,600,0,5380,600,5380,600,5380,600,0
1864,0,0,5380,600,0,5380,600,5380,600,5380,600,0
1866,0,0,5380,600,0,5380,600,0,0,0,0,0
1868,0,0,5380,600,0,5380,600,0,0,0,0,0
1869,0,0,5380,600,0,5380,600,5380,600,5380,600,0
1870,0,0,0,0,0,0,0,0,0,5380,600,0
1874,1800,500,5380,600,0,5380,600,5380,600,5380,600,0
1876,0,0,0,0,0,0,0,0,0,5380,600,0
1877,0,0,0,0,0,0,0,0,0,5380,600,0
1878,0,0,5380,600,0,5380,600,5380,600,5380,600,0
1879,0,0,5380,600,0,5380,600,5380,600,5380,600,0
1880,0,0,0,0,0,0,0,0,0,0,0,0
1881,0,0,5380,600,0,5380,600,0,0,0,0,0
1882,0,0,0,0,0,0,0,5380,600,5380,600,0
1884,0,0,0,0,0,0,0,0,0,5380,600,0
1885,0,0,5380,600,0,5380,600,0,0,0,0,0
1887,0,0,5380,600,0,5380,600,0,0,0,0,0
1888,0,0,0,0,0,0,0,5380,600,5380,600,0
1889,1800,500,5380,600,0,5380,600,5380,600,5380,600,0
1890,0,0,0,0,0,0,0,0,0,5380,600,0
1891,0,0,0,0,0,0,0,0,0,5380,600,0
1892,0,0,0,0,0,0,0,0,0,5380,600,0
1896,0,0,0,0,0,0,0,0,0,5380,600,0
1897,1800,500,5380,600,0,5380,600,5380,600,5380,600,0
1898,0,0,0,0,0,0,0,0,0,5380,600,0
1899,0,0,5380,600,0,5380,600,5380,600,5380,600,0
1901,0,0,0,0,0,0,0,0,0,0,0,0
1902,0,0,0,0,0,0,0,7170,0,7170,0,0
1903,0,0,8685,0,0,0,0,0,0,8685,0,0
1908,0,0,0,0,0,0,0,0,0,5380,600,0
1909,0,0,0,0,0,5380,600,5380,600,5380,600,0
1914,0,0,8685,0,0,8685,0,0,0,8685,0,0
1915,0,0,0,0,0,0,0,0,0,0,0,0
1916,0,0,0,0,0,0,0,0,0,0,0,0
1917,0,0,0,0,0,0,0,0,0,0,0,0
1918,0,0,0,0,0,0,0,5380,600,5380,600,0
1919,0,0,0,0,0,0,0,5380,600,5380,600,0
1922,0,0,0,0,0,0,0,0,0,5380,600,0
1923,0,0,0,0,0,0,0,0,0,5380,600,0
1924,1800,500,5380,600,0,5380,600,5380,600,5380,600,0
1925,0,0,0,0,0,0,0,0,0,0,0,0
1926,0,0,5380,600,0,5380,600,0,0,0,0,0
1927,0,0,5380,600,0,5380,600,0,0,0,0,0
1928,0,0,5380,600,0,5380,600,0,0,0,0,0
1929,0,0,5380,600,0,5380,600,5380,600,5380,600,0
1932,0,0,0,0,0,5380,600,5380,600,5380,600,0
1933,0,0,0,0,0,0,0,5380,600,5380,600,0
1936,0,0,0,0,0,0,0,0,0,0,0,0
1937,0,0,0,0,0,0,0,0,0,0,0,0
1940,0,0,0,0,0,0,0,0,0,5380,600,0
1941,0,0,5380,600,0,5380,600,0,0,5380,600,0
1943,0,0,0,0,0,0,0,0,0,0,0,0
1945,0,0,5380,600,0,5380,600,5380,600,5380,600,0
1960,0,0,5380,600,0,5380,600,5380,600,5380,600,0
1964,0,0,0,0,0,0,0,0,0,5380,600,0
1965,0,0,5380,600,0,5380,600,0,0,0,0,0
1970,0,0,5380,600,0,5380,600,0,0,5380,600,0
1985,0,0,5380,600,0,5380,600,5380,600,5380,600,0
1989,0,0,0,0,0,0,0,5380,600,5380,600,0
1992,1800,500,5380,600,0,5380,600,5380,600,5380,600,0
1993,0,0,0,0,0,0,0,0,0,0,0,0
1998,1950,500,5825,600,0,5825,600,5825,600,5825,600,0
2000,1950,500,5825,600,0,5825,600,5825,600,5825,600,0
2001,1950,500,5825,600,0,5825,600,5825,600,5825,600,0
2003,1950,500,5825,600,0,5825,600,5825,600,5825,600,0
2005,1950,500,5825,600,0,5825,600,5825,600,5825,600,0
2006,1950,500,5825,600,0,5825,600,5825,600,5825,600,0
2008,1950,500,5825,600,0,5825,600,5825,600,5825,600,0
2010,1950,500,5825,600,0,5825,600,5825,600,5825,600,0
2011,1950,500,5825,600,0,5825,600,5825,600,5825,600,0
2012,1950,500,5825,600,0,5825,600,5825,600,5825,600,0
2013,1950,500,5825,600,0,5825,600,5825,600,5825,600,0
2014,1950,500,5825,600,0,5825,600,5825,600,5825,600,0
2015,1950,500,5825,600,0,5825,600,5825,600,5825,600,0
2016,1950,500,5825,600,0,5825,600,5825,600,5825,600,0
2017,1950,500,5825,600,0,5825,600,5825,600,5825,600,0
2018,1950,500,5825,600,0,5825,600,5825,600,5825,600,0
2019,1950,500,5825,600,0,5825,600,5825,600,5825,600,0
2020,1950,500,5825,600,0,5825,600,5825,600,5825,600,0
2021,1950,500,5825,600,0,5825,600,5825,600,5825,600,0
2024,1950,500,5825,600,0,5825,600,5825,600,5825,600,0
2025,1950,500,5825,600,0,5825,600,5825,600,5825,600,0
2026,1950,500,5825,600,0,5825,600,5825,600,5825,600,0
2028,1950,500,5825,600,0,5825,600,5825,600,5825,600,0
2029,1950,500,5825,600,0,5825,600,5825,600,5825,600,0
2030,1950,500,5825,600,0,5825,600,5825,600,5825,600,0
2031,1950,0,5825,600,0,5825,600,0,0,0,0,0
2033,0,0,5825,600,0,0,0,0,0,5825,600,0
2034,1950,500,5825,600,0,5825,600,5825,600,5825,600,0
2035,1950,500,5825,600,0,5825,600,5825,600,5825,600,0
2037,1950,500,5825,600,0,5825,600,5825,600,5825,600,0
2040,1800,500,5380,600,0,5380,600,5380,600,5380,600,0
2041,1800,500,5380,600,0,5380,600,5380,600,5380,600,0
2043,0,0,5380,600,0,5380,600,5380,600,5380,600,0
2044,0,0,5380,600,0,5380,600,5380,600,5380,600,0
2045,0,0,5380,600,0,5380,600,0,0,5380,600,0
2046,1800,500,5380,600,0,5380,600,5380,600,5380,600,0
2048,0,0,5380,600,0,5380,600,5380,600,5380,600,0
2050,0,0,5380,600,0,5380,600,5380,600,5380,600,0
2052,1800,0,5380,600,0,5380,600,0,0,0,0,0
2053,1800,500,5380,600,0,5380,600,5380,600,5380,600,0
2054,1800,500,5380,600,0,5380,600,5380,600,5380,600,0
2055,1950,500,5825,600,0,5825,600,5825,600,5825,600,0
2057,1800,500,5380,600,0,5380,600,5380,600,5380,600,0
2058,1950,500,5825,600,0,5825,600,5825,600,5825,600,0
2059,1950,500,5825,600,0,5825,600,5825,600,5825,600,0
2060,0,0,5380,600,0,5380,600,5380,600,5380,600,0
2061,1950,500,5825,600,0,5825,600,5825,600,5825,600,0
2062,1950,500,5825,600,0,5825,600,5825,600,5825,600,0
2063,1950,500,5825,600,0,5825,600,5825,600,5825,600,0
2064,0,0,0,0,0,0,0,0,0,5380,600,0
2065,0,0,5380,600,0,5380,600,0,0,0,0,0
2066,0,0,5380,600,0,5380,600,0,0,5380,600,0
2067,0,0,5380,600,0,5380,600,5380,600,5380,600,0
2068,1950,500,5825,600,0,5825,600,5825,600,5825,600,0
2073,1950,500,5825,600,0,5825,600,5825,600,5825,600,0
2074,1950,500,5825,600,0,5825,600,5825,600,5825,600,0
2075,1950,500,5825,600,0,5825,600,5825,600,5825,600,0
2076,1950,500,5825,600,0,5825,600,5825,600,5825,600,0
2077,0,500,5380,600,0,5380,600,5380,600,5380,600,0
2080,0,500,5825,600,0,5825,600,5825,600,5825,600,0
2081,1950,500,5825,600,0,5825,600,5825,600,5825,600,0
2082,1950,500,5825,600,0,5825,600,5825,600,5825,600,0
2083,1950,500,5825,600,0,5825,600,5825,600,5825,600,0
2084,0,0,5380,600,0,5380,600,5380,600,5380,600,0
2085,0,0,5380,600,0,5380,600,5380,600,5380,600,0
2086,0,0,0,0,0,0,0,0,0,5380,600,0
2088,0,0,5380,600,0,5380,600,5380,600,5380,600,0
2089,0,0,0,0,0,0,0,5380,600,5380,600,0
2090,0,0,0,0,0,0,0,0,0,5380,600,0
2091,0,0,0,0,0,0,0,0,0,5380,600,0
2092,1950,500,5825,600,0,5825,600,5825,600,5825,600,0
2094,1950,500,5825,600,0,5825,600,5825,600,5825,600,0
2095,0,0,0,0,0,0,0,7170,0,7170,0,0
2096,0,0,0,0,0,0,0,8685,0,8685,0,0
2097,1800,500,5380,600,0,5380,600,5380,600,5380,600,0
2101,0,0,0,0,0,0,0,0,0,0,0,0
2103,0,0,5380,600,0,5380,600,5380,600,5380,600,0
2107,0,0,5380,600,0,0,0,0,0,5380,600,0
2109,1800,500,5380,600,0,5380,600,5380,600,5380,600,0
2112,0,0,5380,600,0,5380,600,0,0,5380,600,0
2115,0,0,0,0,0,0,0,0,0,7170,0,0
2116,1950,500,5825,600,0,5825,600,5825,600,5825,600,0
2117,0,0,0,0,0,0,0,0,0,7170,0,0
2118,1950,500,5825,600,0,5825,600,5825,600,5825,600,0
2120,1800,500,5380,600,0,5380,600,5380,600,5380,600,0
2122,1950,500,5825,600,0,5825,600,5825,600,5825,600,0
2123,0,0,0,0,0,0,0,0,0,0,0,0
2127,1950,500,5825,600,0,5825,600,5825,600,5825,600,0
2128,1950,500,5825,600,0,5825,600,5825,600,5825,600,0
2129,1950,500,5825,600,0,5825,600,5825,600,5825,600,0
2130,1950,500,5825,600,0,5825,600,5825,600,5825,600,0
2131,1950,500,5825,600,0,5825,600,5825,600,5825,600,0
2132,0,0,0,0,0,0,0,0,0,5380,600,0
2146,1950,500,5825,600,0,5825,600,5825,600,5825,600,0
2147,0,0,0,0,0,0,0,0,0,0,0,0
2155,0,0,0,0,0,0,0,7170,0,7170,0,0
2157,0,0,0,0,0,0,0,0,0,5380,600,0
2159,1950,500,5825,600,0,5825,600,5825,600,5825,600,0
2160,1950,500,5825,600,0,5825,600,5825,600,5825,600,0
2175,0,0,5380,600,0,0,0,5380,600,5380,600,0
2178,1950,500,5825,600,0,5825,600,5825,600,5825,600,0
2179,1950,500,5825,600,0,5825,600,5825,600,5825,600,0
2188,1950,500,5825,600,0,5825,600,5825,600,5825,600,0
2190,1950,500,5825,600,0,5825,600,5825,600,5825,600,0
2195,1950,500,5825,600,0,5825,600,5825,600,5825,600,0
2196,1950,500,5825,600,0,5825,600,5825,600,5825,600,0
2197,1950,500,5825,600,0,5825,600,5825,600,5825,600,0
2198,1950,500,5825,600,0,5825,600,5825,600,5825,600,0
2199,1950,500,5825,600,0,5825,600,5825,600,5825,600,0
2201,0,500,5825,600,0,5825,600,5825,600,5825,600,0
2202,1950,500,5825,600,0,5825,600,5825,600,5825,600,0
2203,1950,500,5825,600,0,5825,600,5825,600,5825,600,0
2205,1950,500,5825,600,0,5825,600,5825,600,5825,600,0
2206,1950,500,5825,600,0,5825,600,5825,600,5825,600,0
2207,0,500,5825,600,0,5825,600,5825,600,5825,600,0
2208,1950,500,5825,600,0,5825,600,5825,600,5825,600,0
2209,1950,500,5825,600,0,5825,600,5825,600,5825,600,0
2210,0,500,5825,600,0,5825,600,5825,600,5825,600,0
2211,1950,500,5825,600,0,5825,600,5825,600,5825,600,0
2212,1950,500,5825,600,0,5825,600,5825,600,5825,600,0
2213,0,500,5825,600,0,5825,600,5825,600,5825,600,0
2214,0,500,5825,600,0,5825,600,5825,600,5825,600,0
2215,1950,0,5825,600,0,5825,600,0,0,0,0,0
2216,0,500,5825,600,0,5825,600,5825,600,5825,600,0
2217,0,500,5825,600,0,5825,600,5825,600,5825,600,0
2218,1950,500,5825,600,0,5825,600,5825,600,5825,600,0
2219,0,500,5825,600,0,5825,600,5825,600,5825,600,0
2220,1950,500,5825,600,0,5825,600,5825,600,5825,600,0
2221,1950,500,5825,600,0,5825,600,5825,600,5825,600,0
2223,1950,500,5825,600,0,5825,600,5825,600,5825,600,0
2224,1950,500,5825,600,0,5825,600,5825,600,5825,600,0
2225,1950,500,5825,600,0,5825,600,5825,600,5825,600,0
2226,1950,500,5825,600,0,5825,600,5825,600,5825,600,0
2227,1950,500,5825,600,0,5825,600,5825,600,5825,600,0
2228,0,500,5825,600,0,5825,600,5825,600,5825,600,0
2229,1950,500,5825,600,0,5825,600,5825,600,5825,600,0
2230,1950,500,5825,600,0,5825,600,5825,600,5825,600,0
2232,1950,0,5825,600,0,5825,600,0,0,0,0,0
2233,0,0,0,0,0,0,0,0,0,0,0,0
2234,1950,500,5825,600,0,5825,600,5825,600,5825,600,0
2235,1950,500,5825,600,0,5825,600,5825,600,5825,600,0
2236,1950,500,5825,600,0,5825,600,5825,600,5825,600,0
2237,1950,500,5825,600,0,5825,600,5825,600,5825,600,0
2238,1950,500,5825,600,0,5825,600,5825,600,5825,600,0
2239,0,0,0,0,0,0,0,0,0,5825,600,0
2240,0,500,5825,600,0,5825,600,5825,600,5825,600,0
2241,1950,500,5825,600,0,5825,600,5825,600,5825,600,0
2242,1950,500,5825,600,0,5825,600,5825,600,5825,600,0
2243,1950,500,5825,600,0,5825,600,5825,600,5825,600,0
2244,1950,500,5825,600,0,5825,600,5825,600,5825,600,0
2245,1950,500,5825,600,0,5825,600,5825,600,5825,600,0
2246,1950,500,5825,600,0,5825,600,5825,600,5825,600,0
2247,0,500,5825,600,0,5825,600,5825,600,5825,600,0
2248,0,500,5825,600,0,5825,600,5825,600,5825,600,0
2249,1950,500,5825,600,0,5825,600,5825,600,5825,600,0
2250,1950,500,5825,600,0,5825,600,5825,600,5825,600,0
2251,1950,500,5825,600,0,5825,600,5825,600,5825,600,0
2252,1950,500,5825,600,0,5825,600,5825,600,5825,600,0
2254,1950,500,5825,600,0,5825,600,5825,600,5825,600,0
2257,1950,500,5825,600,0,5825,600,5825,600,5825,600,0
2258,1950,500,5825,600,0,5825,600,5825,600,5825,600,0
2260,0,500,5825,600,0,5825,600,5825,600,5825,600,0
2262,1950,500,5825,600,0,5825,600,5825,600,5825,600,0
2263,1950,500,5825,600,0,5825,600,5825,600,5825,600,0
2264,0,0,5380,600,0,5380,600,0,0,0,0,0
2266,1950,500,5825,600,0,5825,600,5825,600,5825,600,0
2267,0,500,5825,600,0,5825,600,5825,600,5825,600,0
2268,1950,500,5825,600,0,5825,600,5825,600,5825,600,0
2269,0,500,5825,600,0,5825,600,5825,600,5825,600,0
2270,0,500,5825,600,0,5825,600,5825,600,5825,600,0
2271,1950,500,5825,600,0,5825,600,5825,600,5825,600,0
2272,0,0,0,0,0,0,0,0,0,0,0,0
2273,0,500,5825,600,0,5825,600,5825,600,5825,600,0
2274,1950,500,5825,600,0,5825,600,5825,600,5825,600,0
2276,0,0,5380,600,0,5380,600,0,0,5380,600,0
2279,1950,500,5825,600,0,5825,600,5825,600,5825,600,0
2280,1950,500,5825,600,0,5825,600,5825,600,5825,600,0
2283,0,0,0,0,0,0,0,0,0,0,0,0
2284,0,0,0,0,0,0,0,0,0,0,0,0
2285,0,0,0,0,0,0,0,0,0,0,0,0
2288,0,0,0,0,0,0,0,0,0,0,0,0
2289,1950,500,5825,600,0,5825,600,5825,600,5825,600,0
2290,1950,500,5825,600,0,5825,600,5825,600,5825,600,0
2291,1950,500,5825,600,0,5825,600,5825,600,5825,600,0
2292,0,0,0,0,0,0,0,0,0,0,0,0
2293,0,500,5825,600,0,5825,600,5825,600,5825,600,0
2296,0,0,5825,600,0,5825,600,5825,600,5825,600,0
2297,1950,500,5825,600,0,5825,600,5825,600,5825,600,0
2298,1950,500,5825,600,0,5825,600,5825,600,5825,600,0
2299,0,0,5380,600,0,5380,600,5380,600,5380,600,0
2300,0,0,0,0,0,0,0,5380,600,5380,600,0
2301,1950,500,5825,600,0,5825,600,5825,600,5825,600,0
2302,0,0,5380,600,0,5380,600,5380,600,5380,600,0
2311,0,500,5825,600,0,5825,600,5825,600,5825,600,0
2313,1950,500,5825,600,0,5825,600,5825,600,5825,600,0
2316,1950,500,5825,600,0,5825,600,5825,600,5825,600,0
2318,1950,500,5825,600,0,5825,600,5825,600,5825,600,0
2320,1950,500,5825,600,0,5825,600,5825,600,5825,600,0
2321,1950,500,5825,600,0,5825,600,5825,600,5825,600,0
2322,0,0,0,0,0,0,0,0,0,0,0,0
2324,0,0,0,0,0,0,0,0,0,0,0,0
2325,0,0,0,0,0,0,0,0,0,0,0,0
2329,1950,500,5825,600,0,5825,600,5825,600,5825,600,0
2333,1950,500,5825,600,0,5825,600,5825,600,5825,600,0
2335,1950,500,5825,600,0,5825,600,5825,600,5825,600,0
2336,0,0,5380,600,0,5380,600,5380,600,5380,600,0
2338,1950,500,5825,600,0,5825,600,5825,600,5825,600,0
2339,1950,500,5825,600,0,5825,600,5825,600,5825,600,0
2340,1800,500,5380,600,0,5380,600,5380,600,5380,600,0
2355,1950,500,5825,600,0,5825,600,5825,600,5825,600,0
2358,0,500,5825,600,0,5825,600,5825,600,5825,600,0
2370,0,0,0,0,0,0,0,7170,0,7170,0,0
2375,0,0,0,0,0,0,0,0,0,0,0,0
2376,1950,500,5825,600,0,5825,600,5825,600,5825,600,0
2377,1950,500,5825,600,0,5825,600,5825,600,5825,600,0
2381,0,500,3475,0,0,3475,0,3475,0,3475,0,0
2384,0,500,5825,600,0,5825,600,5825,600,5825,600,0
2385,0,0,0,0,0,0,0,5380,600,5380,600,0
2388,1950,500,5825,600,0,5825,600,5825,600,5825,600,0
2389,1950,500,5825,600,0,5825,600,5825,600,5825,600,0
2390,1950,500,5825,600,0,5825,600,5825,600,5825,600,0
2391,1950,500,5825,600,0,5825,600,5825,600,5825,600,0
2392,1950,500,5825,600,0,5825,600,5825,600,5825,600,0
2393,0,0,0,0,0,0,0,0,0,0,0,0
2394,1950,500,5825,600,0,5825,600,5825,600,5825,600,0
2395,0,0,0,0,0,0,0,0,0,0,0,0
2396,1950,500,5825,600,0,5825,600,5825,600,5825,600,0
2397,1950,500,5825,600,0,5825,600,5825,600,5825,600,0
2398,1950,500,5825,600,0,5825,600,5825,600,5825,600,0
2399,0,0,0,0,0,0,0,0,0,0,0,0
2400,0,0,0,0,0,0,0,0,0,0,0,0
2401,0,0,0,0,0,0,0,0,0,0,0,0
2402,1950,500,5825,600,0,5825,600,5825,600,5825,600,0
2403,0,0,0,0,0,0,0,0,0,0,0,0
2404,1950,500,5825,600,0,5825,600,5825,600,5825,600,0
2405,1950,500,5825,600,0,5825,600,5825,600,5825,600,0
2406,1950,500,5825,600,0,5825,600,5825,600,5825,600,0
2407,0,0,0,0,0,0,0,0,0,5825,600,0
2408,1950,500,5825,600,0,5825,600,5825,600,5825,600,0
2409,1950,500,5825,600,0,5825,600,5825,600,5825,600,0
2410,1950,500,5825,600,0,5825,600,5825,600,5825,600,0
2411,1950,500,5825,600,0,5825,600,5825,600,5825,600,0
2412,0,0,0,0,0,0,0,0,0,0,0,0
2413,1950,500,5825,600,0,5825,600,5825,600,5825,600,0
2414,0,0,0,0,0,0,0,5825,600,5825,600,0
2415,1950,500,5825,600,0,5825,600,5825,600,5825,600,0
2416,1950,500,5825,600,0,5825,600,5825,600,5825,600,0
2417,0,0,0,0,0,0,0,0,0,0,0,0
2418,1950,500,5825,600,0,5825,600,5825,600,5825,600,0
2419,0,0,0,0,0,0,0,5825,600,5825,600,0
2420,0,0,0,0,0,0,0,5825,600,5825,600,0
2421,1950,500,5825,600,0,5825,600,5825,600,5825,600,0
2422,1950,500,5825,600,0,5825,600,5825,600,5825,600,0
2423,1950,500,5825,600,0,5825,600,5825,600,5825,600,0
2424,1950,500,5825,600,0,5825,600,5825,600,5825,600,0
2426,0,0,0,0,0,0,0,0,0,5825,600,0
2427,1950,500,5825,600,0,5825,600,5825,600,5825,600,0
2429,1950,500,5825,600,0,5825,600,5825,600,5825,600,0
2430,1950,500,5825,600,0,5825,600,5825,600,5825,600,0
2431,1950,500,5825,600,0,5825,600,5825,600,5825,600,0
2432,0,0,0,0,0,0,0,0,0,0,0,0
2433,1950,500,5825,600,0,5825,600,5825,600,5825,600,0
2434,1950,500,5825,600,0,5825,600,5825,600,5825,600,0
2435,1950,500,5825,600,0,5825,600,5825,600,5825,600,0
2436,1950,500,5825,600,0,5825,600,5825,600,5825,600,0
2437,1950,500,5825,600,0,5825,600,5825,600,5825,600,0
2438,1950,500,5825,600,0,5825,600,5825,600,5825,600,0
2439,1950,500,5825,600,0,5825,600,5825,600,5825,600,0
2441,1950,500,5825,600,0,5825,600,5825,600,5825,600,0
2443,1950,500,5825,600,0,5825,600,5825,600,5825,600,0
2444,1950,500,5825,600,0,5825,600,5825,600,5825,600,0
2445,1950,500,5825,600,0,5825,600,5825,600,5825,600,0
2446,1950,500,5825,600,0,5825,600,5825,600,5825,600,0
2447,0,500,5825,600,0,5825,600,5825,600,5825,600,0
2448,1950,500,5825,600,0,5825,600,5825,600,5825,600,0
2450,0,500,5825,600,0,5825,600,5825,600,5825,600,0
2451,0,500,5825,600,0,5825,600,5825,600,5825,600,0
2452,0,500,5825,600,0,5825,600,5825,600,5825,600,0
2453,0,0,0,0,0,0,0,0,0,5825,600,0
2454,1950,500,5825,600,0,5825,600,5825,600,5825,600,0
2457,1950,500,5825,600,0,5825,600,5825,600,5825,600,0
2458,1950,0,5825,600,0,5825,600,5825,600,5825,600,0
2460,1950,500,5825,600,0,5825,600,5825,600,5825,600,0
2462,0,500,5825,600,0,5825,600,5825,600,5825,600,0
2463,0,500,5825,600,0,5825,600,5825,600,5825,600,0
2464,0,500,5825,600,0,5825,600,5825,600,5825,600,0
2465,1950,500,5825,600,0,5825,600,5825,600,5825,600,0
2468,1950,500,5825,600,0,5825,600,5825,600,5825,600,0
2469,1950,500,5825,600,0,5825,600,5825,600,5825,600,0
2470,1950,500,5825,600,0,5825,600,5825,600,5825,600,0
2471,1950,500,5825,600,0,5825,600,5825,600,5825,600,0
2472,1950,500,5825,600,0,5825,600,5825,600,5825,600,0
2475,1950,500,5825,600,0,5825,600,5825,600,5825,600,0
2477,0,0,0,0,0,0,0,0,0,5825,600,0
2478,0,0,0,0,0,0,0,0,0,0,0,0
2479,1950,500,5825,600,0,5825,600,5825,600,5825,600,0
2480,1950,500,5825,600,0,5825,600,5825,600,5825,600,0
2481,1950,500,5825,600,0,5825,600,5825,600,5825,600,0
2482,1950,500,5825,600,0,5825,600,5825,600,5825,600,0
2484,1950,500,5825,600,0,5825,600,5825,600,5825,600,0
2486,1950,500,5825,600,0,5825,600,5825,600,5825,600,0
2487,0,500,5825,600,0,5825,600,5825,600,5825,600,0
2488,1950,500,5825,600,0,5825,600,5825,600,5825,600,0
2489,1950,500,5825,600,0,5825,600,5825,600,5825,600,0
2490,1950,500,5825,600,0,5825,600,5825,600,5825,600,0
2491,1950,500,5825,600,0,5825,600,5825,600,5825,600,0
2492,0,0,0,0,0,0,0,0,0,0,0,0
2495,1800,500,5380,600,0,5380,600,5380,600,5380,600,0
2496,0,0,5380,600,0,5380,600,0,0,5380,600,0
2497,0,0,5380,600,0,5380,600,5380,600,5380,600,0
2498,0,0,5380,600,0,5380,600,0,0,0,0,0
2499,0,0,0,0,0,0,0,0,0,0,0,0
2500,0,0,5380,600,0,5380,600,0,0,0,0,0
2502,0,0,0,0,0,0,0,0,0,7170,0,0
2513,0,0,8685,0,0,8685,0,0,0,0,0,0
2515,1950,500,5825,600,0,5825,600,5825,600,5825,600,0
2516,0,0,5380,600,0,5380,600,5380,600,5380,600,0
2518,1800,500,5380,600,0,5380,600,5380,600,5380,600,0
2520,0,0,0,0,0,0,0,0,0,0,0,0
2521,0,0,0,0,0,0,0,5380,600,5380,600,0
2522,0,0,0,0,0,0,0,0,0,0,0,0
2524,1950,500,5825,600,0,5825,600,5825,600,5825,600,0
2525,1950,500,5825,600,0,5825,600,5825,600,5825,600,0
2526,1950,500,5825,600,0,5825,600,5825,600,5825,600,0
2530,1950,500,5825,600,0,5825,600,5825,600,5825,600,0
2531,0,0,0,0,0,0,0,0,0,5825,600,0
2538,0,0,0,0,0,0,0,5380,600,5380,600,0
2539,0,0,0,0,0,0,0,0,0,0,0,0
2540,0,0,0,0,0,0,0,0,0,0,0,0
2542,1950,500,5825,600,0,5825,600,5825,600,5825,600,0
2544,0,0,0,0,0,0,0,0,0,0,0,0
2549,0,0,0,0,0,0,0,0,0,7170,0,0
2554,0,0,0,0,0,0,0,0,0,5380,600,0
2559,0,0,0,0,0,0,0,0,0,5380,600,0
2565,0,0,5380,600,0,5380,600,0,0,5380,600,0
2568,1950,500,5825,600,0,5825,600,5825,600,5825,600,0
2574,1950,500,5825,600,0,5825,600,5825,600,5825,600,0
2591,0,0,0,0,0,0,0,0,0,0,0,0
2592,1950,500,5825,600,0,5825,600,5825,600,5825,600,0
2593,0,0,0,0,0,0,0,0,0,0,0,0
2598,0,0,0,0,0,0,0,0,0,0,0,0
2602,0,0,0,0,0,0,0,0,0,0,0,0
2604,1950,500,5825,600,0,5825,600,5825,600,5825,600,0
2605,0,0,0,0,0,0,0,0,0,0,0,0
2606,1950,500,5825,600,0,5825,600,5825,600,5825,600,0
2608,0,0,0,0,0,0,0,0,0,5825,600,0
2609,0,0,0,0,0,0,0,0,0,5825,600,0
2610,0,0,0,0,0,0,0,0,0,0,0,0
2611,0,0,0,0,0,0,0,0,0,0,0,0
2612,0,0,0,0,0,0,0,0,0,0,0,0
2613,0,0,0,0,0,0,0,5825,600,5825,600,0
2614,0,0,0,0,0,0,0,0,0,0,0,0
2615,1950,500,5825,600,0,5825,600,5825,600,5825,600,0
2616,1950,500,5825,600,0,5825,600,5825,600,5825,600,0
2617,1950,500,5825,600,0,5825,600,5825,600,5825,600,0
2619,1950,500,5825,600,0,5825,600,5825,600,5825,600,0
2620,0,0,0,0,0,0,0,0,0,0,0,0
2621,0,0,5825,600,0,5825,600,0,0,0,0,0
2622,0,0,0,0,0,0,0,0,0,0,0,0
2624,0,0,0,0,0,0,0,0,0,0,0,0
2625,0,0,0,0,0,0,0,0,0,5825,600,0
2627,1950,500,5825,600,0,5825,600,5825,600,5825,600,0
2629,0,500,5825,600,0,5825,600,5825,600,5825,600,0
2630,1950,500,5825,600,0,5825,600,5825,600,5825,600,0
2631,0,0,0,0,0,0,0,0,0,6755,600,0
2634,0,0,0,0,0,0,0,0,0,6755,600,0
2636,0,0,0,0,0,0,0,0,0,0,0,0
2637,0,0,0,0,0,0,0,0,0,6755,600,0
2638,0,0,0,0,0,0,0,0,0,0,0,0
2640,0,0,0,0,0,0,0,0,0,0,0,0
2641,0,0,0,0,0,0,0,0,0,0,0,0
2642,0,0,0,0,0,0,0,6755,600,6755,600,0
2643,0,0,0,0,0,0,0,0,0,0,0,0
2644,0,0,0,0,0,0,0,6755,600,6755,600,0
2645,0,0,0,0,0,0,0,0,0,0,0,0
2646,0,0,0,0,0,0,0,0,0,0,0,0
2647,0,0,0,0,0,0,0,0,0,6755,600,0
2648,0,0,0,0,0,0,0,6755,600,6755,600,0
2649,0,0,6755,600,0,6755,600,0,0,0,0,0
2650,0,0,0,0,0,0,0,0,0,6755,600,0
2651,0,0,0,0,0,0,0,0,0,6755,600,0
2652,0,0,0,0,0,0,0,6755,600,6755,600,0
2653,0,0,0,0,0,0,0,0,0,0,0,0
2654,0,0,0,0,0,0,0,0,0,0,0,0
2655,0,0,0,0,0,0,0,0,0,6755,600,0
2656,0,500,5825,600,0,5825,600,5825,600,5825,600,0
2657,0,0,0,0,0,0,0,0,0,6755,600,0
2658,0,0,6755,600,0,6755,600,0,0,6755,600,0
2659,0,0,0,0,0,0,0,0,0,0,0,0
2660,0,0,6755,600,0,6755,600,0,0,0,0,0
2662,0,0,0,0,0,0,0,0,0,6755,600,0
2664,0,0,0,0,0,0,0,0,0,0,0,0
2665,0,0,0,0,0,0,0,0,0,6755,600,0
2666,0,0,0,0,0,0,0,6755,600,6755,600,0
2668,0,0,0,0,0,0,0,6755,600,6755,600,0
2669,0,0,0,0,0,0,0,0,0,0,0,0
2670,0,0,0,0,0,0,0,0,0,0,0,0
2671,0,0,0,0,0,0,0,0,0,5825,600,0
2672,0,0,0,0,0,0,0,0,0,6755,600,0
2673,0,0,0,0,0,0,0,5825,600,5825,600,0
2674,0,0,0,0,0,0,0,0,0,5825,600,0
2675,0,0,0,0,0,0,0,0,0,0,0,0
2676,0,0,0,0,0,0,0,0,0,0,0,0
2678,1950,500,5825,600,0,5825,600,5825,600,5825,600,0
2679,0,0,0,0,0,0,0,0,0,5825,600,0
2680,0,0,6755,600,0,6755,600,0,0,0,0,0
2682,1950,500,5825,600,0,5825,600,5825,600,5825,600,0
2683,0,0,0,0,0,0,0,0,0,0,0,0
2684,0,0,0,0,0,0,0,0,0,6755,600,0
2685,0,0,0,0,0,0,0,0,0,6755,600,0
2687,0,0,0,0,0,0,0,0,0,0,0,0
2688,0,0,0,0,0,0,0,0,0,0,0,0
2689,0,0,0,0,0,0,0,6755,600,6755,600,0
2690,0,0,0,0,0,0,0,0,0,0,0,0
2691,0,0,0,0,0,0,0,0,0,0,0,0
2692,0,0,0,0,0,0,0,0,0,0,0,0
2693,0,0,0,0,0,0,0,0,0,0,0,0
2694,0,0,0,0,0,0,0,0,0,0,0,0
2695,0,0,0,0,0,0,0,0,0,0,0,0
2696,0,0,0,0,0,0,0,0,0,0,0,0
2697,0,0,0,0,0,0,0,0,0,0,0,0
2699,0,0,0,0,0,0,0,0,0,0,0,0
2701,0,0,0,0,0,0,0,0,0,6755,600,0
2702,0,0,0,0,0,0,0,0,0,6755,600,0
2703,0,0,0,0,0,0,0,6755,600,6755,600,0
2704,0,0,0,0,0,0,0,0,0,6755,600,0
2706,0,0,0,0,0,0,0,0,0,6755,600,0
2707,0,0,0,0,0,0,0,0,0,5825,600,0
2708,1950,500,5825,600,0,5825,600,5825,600,5825,600,0
2711,0,0,0,0,0,0,0,0,0,0,0,0
2712,0,0,0,0,0,0,0,0,0,0,0,0
2714,0,0,0,0,0,0,0,0,0,0,0,0
2716,0,0,0,0,0,0,0,0,0,0,0,0
2717,0,0,0,0,0,0,0,0,0,0,0,0
2719,0,0,0,0,0,0,0,0,0,0,0,0
2720,0,0,0,0,0,0,0,0,0,5825,600,0
2721,0,0,0,0,0,0,0,0,0,0,0,0
2722,1950,500,5825,600,0,5825,600,5825,600,5825,600,0
2723,1950,500,5825,600,0,5825,600,5825,600,5825,600,0
2726,0,0,0,0,0,0,0,0,0,5825,600,0
2727,0,0,0,0,0,0,0,0,0,0,0,0
2729,1950,500,5825,600,0,5825,600,5825,600,5825,600,0
2730,1950,500,5825,600,0,5825,600,5825,600,5825,600,0
2731,1950,500,5825,600,0,5825,600,5825,600,5825,600,0
2732,0,0,0,0,0,0,0,0,0,0,0,0
2734,0,0,0,0,0,0,0,0,0,0,0,0
2735,0,0,0,0,0,0,0,0,0,0,0,0
2736,0,0,0,0,0,0,0,0,0,0,0,0
2737,0,0,0,0,0,0,0,0,0,0,0,0
2739,0,0,0,0,0,0,0,6755,600,6755,600,0
2740,0,0,0,0,0,0,0,6755,600,6755,600,0
2741,0,0,0,0,0,0,0,0,0,0,0,0
2742,1950,500,5825,600,0,5825,600,5825,600,5825,600,0
2744,1950,500,5825,600,0,5825,600,5825,600,5825,600,0
2745,0,0,0,0,0,0,0,0,0,6755,600,0
2749,0,0,0,0,0,0,0,0,0,5380,600,0
2752,0,0,0,0,0,0,0,6755,600,6755,600,0
2753,0,0,0,0,0,0,0,0,0,8685,0,0
2756,0,0,0,0,0,0,0,0,0,0,0,0
2757,0,0,0,0,0,0,0,0,0,6755,600,0
2758,0,0,0,0,0,0,0,0,0,0,0,0
2761,0,0,6755,600,0,6755,600,0,0,0,0,0
2764,0,0,5380,600,0,5380,600,0,0,0,0,0
2766,1950,500,5825,600,0,5825,600,5825,600,5825,600,0
2767,0,0,0,0,0,0,0,5825,600,5825,600,0
2768,0,0,0,0,0,0,0,0,0,0,0,0
2769,0,0,0,0,0,0,0,0,0,6755,600,0
2771,0,0,0,0,0,0,0,0,0,0,0,0
2773,0,0,0,0,0,0,0,8685,0,8685,0,0
2775,0,0,0,0,0,0,0,0,0,0,0,0
2777,1950,500,5825,600,0,5825,600,5825,600,5825,600,0
2778,0,0,0,0,0,0,0,7170,0,7170,0,0
2786,0,0,0,0,0,0,0,0,0,5380,600,0
2787,1950,500,5825,600,0,5825,600,5825,600,5825,600,0
2794,0,0,0,0,0,0,0,0,0,6755,600,0
2796,0,0,0,0,0,0,0,0,0,0,0,0
2797,0,0,0,0,0,0,0,0,0,0,0,0
2798,0,0,0,0,0,0,0,0,0,0,0,0
2799,0,0,0,0,0,0,0,0,0,0,0,0
2800,0,0,0,0,0,0,0,6755,600,6755,600,0
2803,0,500,5380,600,0,5380,600,5380,600,5380,600,0
2808,0,0,0,0,0,0,0,0,0,0,0,0
2809,0,0,0,0,0,0,0,0,0,0,0,0
2810,0,0,0,0,0,0,0,0,0,6755,600,0
2811,0,500,5825,600,0,5825,600,5825,600,5825,600,0
2813,1950,500,5825,600,0,5825,600,5825,600,5825,600,0
2815,0,0,0,0,0,0,0,0,0,0,0,0
2821,0,0,0,0,0,0,0,0,0,0,0,0
2829,0,0,0,0,0,0,0,0,0,6755,600,0
2841,0,0,0,0,0,0,0,0,0,6755,600,0
2843,0,500,6755,600,0,6755,600,6755,600,6755,600,0
2845,0,0,5380,600,0,5380,600,5380,600,5380,600,0
2846,1950,500,5825,600,0,5825,600,5825,600,5825,600,0
2847,0,0,0,0,0,0,0,0,0,6755,600,0
2850,0,0,0,0,0,0,0,0,0,0,0,0
2851,0,0,0,0,0,0,0,0,0,0,0,0
2853,0,0,0,0,0,0,0,0,0,0,0,0
2854,0,0,0,0,0,0,0,0,0,6755,600,0
2855,0,0,0,0,0,0,0,6755,600,6755,600,0
2856,1950,500,5825,600,0,5825,600,5825,600,5825,600,0
2858,0,0,0,0,0,0,0,0,0,0,0,0
2862,0,0,0,0,0,0,0,0,0,0,0,0
2863,0,0,0,0,0,0,0,0,0,0,0,0
2864,0,0,0,0,0,0,0,0,0,0,0,0
2865,0,0,0,0,0,0,0,0,0,0,0,0
2866,0,0,0,0,0,0,0,0,0,0,0,0
2867,0,0,0,0,0,0,0,0,0,0,0,0
2869,0,0,0,0,0,0,0,0,0,6755,600,0
2872,0,0,0,0,0,0,0,0,0,6755,600,0
2873,0,0,0,0,0,0,0,0,0,0,0,0
2876,0,0,0,0,0,0,0,0,0,0,0,0
2877,0,0,0,0,0,0,0,0,0,0,0,0
2879,0,0,0,0,0,0,0,0,0,0,0,0
2880,0,0,0,0,0,0,0,0,0,6755,600,0
2881,0,0,0,0,0,0,0,0,0,0,0,0
2882,0,0,0,0,0,0,0,0,0,6755,600,0
2883,0,0,0,0,0,0,0,0,0,6755,600,0
2884,0,0,0,0,0,0,0,0,0,0,0,0
2885,0,0,0,0,0,0,0,0,0,0,0,0
2886,0,0,0,0,0,0,0,0,0,0,0,0
2887,0,0,0,0,0,0,0,0,0,0,0,0
2888,0,500,6755,600,0,6755,600,6755,600,6755,600,0
2889,0,500,6755,600,0,6755,600,6755,600,6755,600,0
2890,0,0,0,0,0,0,0,0,0,0,0,0
2891,0,0,0,0,0,0,0,0,0,0,0,0
2892,0,0,0,0,0,0,0,0,0,0,0,0
2893,0,0,0,0,0,0,0,0,0,6755,600,0
2894,0,0,0,0,0,0,0,0,0,0,0,0
2895,0,0,0,0,0,0,0,0,0,0,0,0
2896,0,0,0,0,0,0,0,6755,600,6755,600,0
2900,0,0,0,0,0,0,0,0,0,0,0,0
2901,0,0,0,0,0,0,0,0,0,6755,600,0
2902,0,0,0,0,0,0,0,0,0,6755,600,0
2903,0,0,0,0,0,0,0,0,0,0,0,0
2904,0,0,0,0,0,0,0,0,0,6755,600,0
2905,0,0,0,0,0,0,0,6755,600,6755,600,0
2906,0,0,0,0,0,0,0,6755,600,6755,600,0
2907,0,0,0,0,0,0,0,0,0,6755,600,0
2908,0,0,0,0,0,0,0,0,0,0,0,0
2909,0,0,0,0,0,0,0,0,0,0,0,0
2910,0,0,0,0,0,0,0,0,0,0,0,0
2911,0,0,0,0,0,0,0,0,0,0,0,0
2912,0,0,0,0,0,0,0,6755,600,6755,600,0
2913,0,0,0,0,0,0,0,6755,600,6755,600,0
2914,0,0,0,0,0,0,0,0,0,6755,600,0
2915,0,0,0,0,0,0,0,0,0,6755,600,0
2916,0,0,0,0,0,0,0,0,0,0,0,0
2917,0,0,0,0,0,0,0,0,0,0,0,0
2918,0,0,0,0,0,0,0,0,0,6755,600,0
2919,0,0,0,0,0,0,0,6755,600,6755,600,0
2920,0,0,0,0,0,0,0,6755,600,6755,600,0
2921,0,0,0,0,0,0,0,0,0,0,0,0
2922,0,0,0,0,0,0,0,0,0,0,0,0
2923,0,0,0,0,0,0,0,0,0,0,0,0
2925,0,0,0,0,0,0,0,0,0,6755,600,0
2926,0,0,0,0,0,0,0,0,0,6755,600,0
2927,0,0,0,0,0,0,0,0,0,0,0,0
2928,0,0,0,0,0,0,0,0,0,0,0,0
2929,0,0,0,0,0,0,0,0,0,6755,600,0
2930,0,0,0,0,0,0,0,0,0,0,0,0
2933,0,0,0,0,0,0,0,0,0,6755,600,0
2934,0,0,0,0,0,0,0,0,0,6755,600,0
2935,0,0,0,0,0,0,0,0,0,6755,600,0
2936,0,0,0,0,0,0,0,6755,600,6755,600,0
2937,0,0,0,0,0,0,0,0,0,0,0,0
2938,0,0,0,0,0,0,0,6755,600,6755,600,0
2939,0,0,0,0,0,0,0,0,0,6755,600,0
2941,0,0,0,0,0,0,0,0,0,0,0,0
2942,0,0,0,0,0,0,0,0,0,0,0,0
2943,0,0,0,0,0,0,0,0,0,0,0,0
2944,0,0,0,0,0,0,0,0,0,0,0,0
2945,0,0,0,0,0,0,0,0,0,0,0,0
2946,0,0,0,0,0,0,0,0,0,0,0,0
2947,0,0,0,0,0,0,0,0,0,0,0,0
2948,0,0,0,0,0,0,0,0,0,0,0,0
2949,0,0,0,0,0,0,0,0,0,0,0,0
2950,0,0,0,0,0,0,0,0,0,0,0,0
2951,0,0,0,0,0,0,0,0,0,6755,600,0
2953,0,0,0,0,0,0,0,0,0,0,0,0
2954,0,0,0,0,0,0,0,0,0,6755,600,0
2955,0,0,0,0,0,0,0,0,0,0,0,0
2956,0,0,0,0,0,0,0,0,0,0,0,0
2957,0,0,0,0,0,0,0,0,0,6255,600,0
2958,0,0,0,0,0,0,0,0,0,0,0,0
2959,0,0,0,0,0,6755,600,6755,600,6755,600,0
2960,0,0,0,0,0,0,0,0,0,0,0,0
2961,0,0,0,0,0,0,0,0,0,0,0,0
2962,0,0,0,0,0,0,0,0,0,6755,600,0
2963,0,0,0,0,0,0,0,0,0,6755,600,0
2964,0,0,0,0,0,0,0,0,0,0,0,0
2965,0,0,0,0,0,0,0,6755,600,6755,600,0
2967,0,0,6755,600,0,6755,600,6755,600,6755,600,0
2968,0,0,0,0,0,0,0,0,0,0,0,0
2969,0,0,0,0,0,0,0,0,0,0,0,0
2971,0,0,0,0,0,0,0,0,0,0,0,0
2972,0,0,0,0,0,6755,600,6755,600,6755,600,0
2973,0,0,0,0,0,0,0,0,0,6755,600,0
2974,0,0,0,0,0,0,0,0,0,6755,600,0
2975,0,0,0,0,0,0,0,0,0,6755,600,0
2976,0,0,0,0,0,0,0,0,0,0,0,0
2977,0,0,0,0,0,0,0,0,0,0,0,0
2978,0,0,0,0,0,0,0,0,0,0,0,0
2979,0,0,0,0,0,0,0,0,0,0,0,0
2980,0,0,0,0,0,0,0,0,0,0,0,0
2981,0,0,0,0,0,0,0,0,0,6755,600,0
2983,0,0,0,0,0,0,0,0,0,0,0,0
2984,0,0,0,0,0,0,0,6755,600,6755,600,0
2985,0,0,0,0,0,0,0,6755,600,6755,600,0
2986,0,0,0,0,0,0,0,0,0,0,0,0
2987,0,0,0,0,0,0,0,0,0,0,0,0
2988,0,0,0,0,0,0,0,0,0,6755,600,0
2989,0,0,0,0,0,0,0,0,0,0,0,0
2990,0,0,0,0,0,0,0,0,0,0,0,0
2991,0,0,0,0,0,0,0,0,0,6755,600,0
2992,0,0,0,0,0,0,0,0,0,6755,600,0
2993,0,0,0,0,0,0,0,0,0,0,0,0
2996,0,0,0,0,0,0,0,0,0,0,0,0
2997,0,0,0,0,0,0,0,0,0,0,0,0
2998,0,0,0,0,0,0,0,0,0,6755,600,0
3000,0,0,0,0,0,0,0,0,0,6755,600,0
3001,0,0,0,0,0,0,0,0,0,0,0,0
3003,0,0,0,0,0,0,0,0,0,0,0,0
3004,0,0,0,0,0,0,0,0,0,6755,600,0
3005,0,0,6755,600,0,6755,600,0,0,0,0,0
3006,0,0,0,0,0,0,0,0,0,0,0,0
3007,0,0,0,0,0,0,0,0,0,0,0,0
3008,0,0,0,0,0,0,0,0,0,0,0,0
3009,0,0,0,0,0,0,0,0,0,0,0,0
3010,0,0,0,0,0,0,0,0,0,0,0,0
3011,0,0,0,0,0,0,0,6755,600,6755,600,0
3012,0,0,0,0,0,0,0,0,0,0,0,0
3013,0,0,0,0,0,0,0,0,0,0,0,0
3014,0,0,0,0,0,0,0,0,0,0,0,0
3015,1950,500,5825,600,0,5825,600,5825,600,5825,600,0
3016,1950,500,5825,600,0,5825,600,5825,600,5825,600,0
3017,1950,500,5825,600,0,5825,600,5825,600,5825,600,0
3018,1950,500,5825,600,0,5825,600,5825,600,5825,600,0
3019,0,500,5825,600,0,5825,600,5825,600,5825,600,0
3020,0,500,5380,600,0,5380,600,5380,600,5380,600,0
3021,1950,500,5825,600,0,5825,600,5825,600,5825,600,0
3022,1800,500,5380,600,0,5380,600,5380,600,5380,600,0
3023,0,0,0,0,0,0,0,0,0,0,0,0
3025,0,0,0,0,0,0,0,8685,0,8685,0,0
3026,0,0,0,0,0,0,0,0,0,0,0,0
3034,1950,500,5825,600,0,5825,600,5825,600,5825,600,0
3036,0,0,0,0,0,0,0,0,0,0,0,0
3037,1800,500,5380,600,0,5380,600,5380,600,5380,600,0
3038,0,0,5380,600,0,5380,600,5380,600,5380,600,0
3043,1950,500,5825,600,0,5825,600,5825,600,5825,600,0
3044,0,0,0,0,0,0,0,0,0,6755,600,0
3045,1950,500,5825,600,0,5825,600,5825,600,5825,600,0
3046,0,500,6755,600,0,6755,600,6755,600,6755,600,0
3048,0,0,0,0,0,0,0,0,0,8685,0,0
3053,1950,500,5825,600,0,5825,600,5825,600,5825,600,0
3055,1950,500,5825,600,0,5825,600,5825,600,5825,600,0
3056,0,500,5825,600,0,5825,600,5825,600,5825,600,0
3059,0,0,5380,600,0,5380,600,0,0,0,0,0
3060,0,500,5825,600,0,5825,600,5825,600,5825,600,0
3063,0,0,6755,600,0,6755,600,6755,600,6755,600,0
3064,1950,500,5825,600,0,5825,600,5825,600,5825,600,0
3069,0,0,0,0,0,0,0,6755,600,6755,600,0
3071,0,0,0,0,0,0,0,0,0,0,0,0
3073,1950,500,5825,600,0,5825,600,5825,600,5825,600,0
3074,0,0,0,0,0,6755,600,6755,600,6755,600,0
3075,0,0,0,0,0,8685,0,8685,0,8685,0,0
3079,0,0,0,0,0,0,0,0,0,0,0,0
3080,1950,500,5825,600,0,5825,600,5825,600,5825,600,0
3082,0,0,0,0,0,0,0,0,0,6755,600,0
3086,0,0,0,0,0,0,0,0,0,0,0,0
3088,0,0,0,0,0,0,0,0,0,0,0,0
3107,0,0,0,0,0,0,0,6755,600,6755,600,0
3108,0,0,0,0,0,0,0,6755,600,6755,600,0
3111,0,0,0,0,0,0,0,0,0,6755,600,0
3117,0,0,0,0,0,0,0,0,0,0,0,0
3119,0,0,5380,600,0,5380,600,5380,600,5380,600,0
3120,0,0,5825,600,0,5825,600,5825,600,5825,600,0
3129,0,0,0,0,0,0,0,0,0,0,0,0
3130,0,0,0,0,0,0,0,0,0,0,0,0
3131,0,0,0,0,0,0,0,0,0,0,0,0
3132,0,0,0,0,0,0,0,0,0,0,0,0
3135,0,0,0,0,0,0,0,0,0,0,0,0
3138,0,0,0,0,0,0,0,0,0,0,0,0
3139,0,0,0,0,0,0,0,0,0,0,0,0
3142,0,0,0,0,0,0,0,0,0,0,0,0
3143,1950,500,5825,600,0,5825,600,5825,600,5825,600,0
3145,0,0,0,0,0,0,0,6755,600,6755,600,0
3149,0,0,0,0,0,0,0,6755,600,6755,600,0
3157,0,0,0,0,0,0,0,0,0,0,0,0
3158,0,0,0,0,0,0,0,0,0,0,0,0
3159,0,0,0,0,0,0,0,0,0,0,0,0
3160,0,0,0,0,0,0,0,0,0,0,0,0
3161,0,0,0,0,0,0,0,0,0,6755,600,0
3162,0,0,0,0,0,0,0,0,0,6755,600,0
3163,0,0,0,0,0,0,0,0,0,6755,600,0
3164,0,0,0,0,0,0,0,0,0,0,0,0
3165,0,0,0,0,0,0,0,0,0,0,0,0
3166,0,0,0,0,0,0,0,0,0,0,0,0
3167,0,0,0,0,0,0,0,0,0,6755,600,0
3168,0,0,0,0,0,0,0,0,0,6755,600,0
3169,0,0,0,0,0,0,0,0,0,0,0,0
3170,0,0,0,0,0,0,0,0,0,0,0,0
3171,0,0,0,0,0,0,0,6755,600,6755,600,0
3172,0,0,0,0,0,0,0,0,0,0,0,0
3173,0,0,0,0,0,0,0,6755,600,6755,600,0
3174,0,0,0,0,0,0,0,0,0,0,0,0
3175,0,0,0,0,0,0,0,6755,600,6755,600,0
3176,0,0,0,0,0,0,0,0,0,0,0,0
3177,0,0,0,0,0,0,0,0,0,6755,600,0
3178,0,0,0,0,0,0,0,0,0,0,0,0
3179,0,0,0,0,0,0,0,0,0,0,0,0
3181,0,0,0,0,0,0,0,0,0,0,0,0
3182,0,0,0,0,0,0,0,0,0,6755,600,0
3183,0,0,0,0,0,0,0,0,0,6755,600,0
3184,0,0,0,0,0,0,0,0,0,0,0,0
3186,0,0,0,0,0,0,0,0,0,0,0,0
3187,0,0,0,0,0,0,0,0,0,6755,600,0
3188,0,0,0,0,0,0,0,6755,600,6755,600,0
3189,0,0,0,0,0,0,0,0,0,0,0,0
3190,0,0,0,0,0,0,0,0,0,0,0,0
3191,0,0,0,0,0,0,0,0,0,0,0,0
3192,0,0,0,0,0,0,0,0,0,0,0,0
3193,0,0,0,0,0,0,0,0,0,6755,600,0
3194,0,0,0,0,0,0,0,0,0,0,0,0
3196,0,0,0,0,0,0,0,0,0,0,0,0
3197,0,0,0,0,0,0,0,0,0,0,0,0
3198,0,0,0,0,0,0,0,0,0,6755,600,0
3199,0,0,0,0,0,0,0,0,0,0,0,0
3200,0,0,0,0,0,0,0,0,0,6755,600,0
3201,0,0,0,0,0,0,0,0,0,0,0,0
3202,0,0,0,0,0,0,0,0,0,6755,600,0
3203,0,0,0,0,0,0,0,0,0,0,0,0
3204,0,0,0,0,0,0,0,0,0,0,0,0
3205,0,0,0,0,0,0,0,0,0,0,0,0
3206,0,0,0,0,0,0,0,0,0,0,0,0
3207,0,0,0,0,0,0,0,0,0,6755,600,0
3208,0,0,0,0,0,0,0,6755,600,6755,600,0
3209,0,0,6755,600,0,6755,600,6755,600,6755,600,0
3210,0,0,0,0,0,0,0,6755,600,6755,600,0
3211,0,0,0,0,0,0,0,0,0,6755,600,0
3212,0,0,0,0,0,0,0,0,0,6755,600,0
3213,0,0,0,0,0,0,0,0,0,6755,600,0
3214,0,0,0,0,0,0,0,0,0,6755,600,0
3215,0,0,0,0,0,0,0,0,0,0,0,0
3217,0,0,0,0,0,0,0,0,0,6755,600,0
3218,0,0,0,0,0,0,0,0,0,0,0,0
3219,0,0,0,0,0,0,0,0,0,6755,600,0
3220,0,0,0,0,0,0,0,0,0,0,0,0
3221,0,0,0,0,0,0,0,0,0,0,0,0
3222,0,0,0,0,0,0,0,0,0,6755,600,0
3223,0,0,0,0,0,0,0,0,0,0,0,0
3224,0,0,0,0,0,0,0,0,0,0,0,0
3226,0,0,0,0,0,0,0,0,0,6755,600,0
3227,0,0,0,0,0,0,0,6755,600,6755,600,0
3228,0,0,0,0,0,0,0,0,0,0,0,0
3229,0,0,0,0,0,0,0,0,0,0,0,0
3230,0,0,0,0,0,0,0,0,0,0,0,0
3231,0,0,0,0,0,0,0,0,0,6755,600,0
3232,0,0,0,0,0,0,0,0,0,0,0,0
3233,0,0,0,0,0,0,0,0,0,6755,600,0
3234,0,0,0,0,0,0,0,0,0,0,0,0
3236,0,0,0,0,0,0,0,0,0,6755,600,0
3237,0,0,0,0,0,0,0,0,0,0,0,0
3238,0,0,0,0,0,0,0,0,0,6755,600,0
3240,0,0,6755,600,0,6755,600,6755,600,6755,600,0
3241,0,0,0,0,0,0,0,0,0,6755,600,0
3242,0,0,0,0,0,0,0,0,0,0,0,0
3243,0,0,0,0,0,0,0,0,0,6755,600,0
3244,0,0,0,0,0,0,0,0,0,6755,600,0
3245,0,0,0,0,0,0,0,0,0,6755,600,0
3246,0,0,0,0,0,0,0,0,0,0,0,0
3247,0,0,0,0,0,0,0,0,0,0,0,0
3248,0,0,0,0,0,0,0,0,0,6755,600,0
3249,0,0,0,0,0,0,0,0,0,6755,600,0
3251,0,0,0,0,0,0,0,0,0,0,0,0
3252,0,0,0,0,0,0,0,0,0,6755,600,0
3253,0,0,0,0,0,0,0,0,0,6755,600,0
3254,0,0,0,0,0,0,0,0,0,0,0,0
3255,0,0,0,0,0,0,0,0,0,6755,600,0
3257,0,0,0,0,0,0,0,0,0,0,0,0
3259,0,0,0,0,0,0,0,6755,600,6755,600,0
3260,0,0,0,0,0,0,0,0,0,0,0,0
3261,0,0,0,0,0,0,0,0,0,6755,600,0
3262,0,0,0,0,0,0,0,0,0,0,0,0
3263,0,0,0,0,0,0,0,6755,600,6755,600,0
3264,0,0,0,0,0,0,0,0,0,0,0,0
3268,0,0,0,0,0,0,0,0,0,6755,600,0
3269,0,0,0,0,0,0,0,6755,600,6755,600,0
3272,0,0,0,0,0,0,0,6755,600,6755,600,0
3273,0,0,0,0,0,0,0,0,0,6755,600,0
3274,0,0,0,0,0,0,0,0,0,6755,600,0
3275,0,0,0,0,0,0,0,0,0,0,0,0
3276,0,0,0,0,0,0,0,0,0,0,0,0
3277,0,0,0,0,0,0,0,6755,600,6755,600,0
3278,0,0,0,0,0,0,0,0,0,0,0,0
3279,0,0,0,0,0,0,0,0,0,0,0,0
3280,0,0,6755,600,0,6755,600,6755,600,6755,600,0
3281,0,0,0,0,0,0,0,0,0,6755,600,0
3282,0,0,0,0,0,0,0,6755,600,6755,600,0
3283,0,0,0,0,0,0,0,0,0,0,0,0
3284,0,0,0,0,0,0,0,6755,600,6755,600,0
3285,0,0,0,0,0,0,0,0,0,6755,600,0
3286,0,0,0,0,0,0,0,0,0,0,0,0
3287,0,0,0,0,0,0,0,0,0,0,0,0
3288,0,0,6755,600,0,6755,600,0,0,0,0,0
3289,0,0,0,0,0,0,0,0,0,6755,600,0
3290,0,0,0,0,0,0,0,0,0,0,0,0
3291,0,0,0,0,0,0,0,0,0,0,0,0
3292,0,0,0,0,0,0,0,0,0,0,0,0
3295,0,0,0,0,0,0,0,0,0,0,0,0
3296,0,0,0,0,0,0,0,0,0,6755,600,0
3297,0,0,0,0,0,0,0,0,0,6755,600,0
3298,0,0,0,0,0,0,0,6755,600,6755,600,0
3299,0,0,0,0,0,0,0,0,0,0,0,0
3300,0,0,0,0,0,6755,600,6755,600,6755,600,0
3301,0,0,0,0,0,0,0,6755,600,6755,600,0
3303,0,0,0,0,0,0,0,0,0,6755,600,0
3304,0,0,0,0,0,0,0,0,0,0,0,0
3305,0,0,0,0,0,0,0,0,0,0,0,0
3306,0,0,0,0,0,0,0,0,0,0,0,0
3307,0,0,0,0,0,0,0,0,0,6755,600,0
3308,0,0,0,0,0,0,0,0,0,0,0,0
3310,0,0,0,0,0,0,0,0,0,0,0,0
3312,0,0,0,0,0,0,0,6755,600,6755,600,0
3313,0,0,0,0,0,0,0,0,0,0,0,0
3314,0,0,0,0,0,0,0,0,0,0,0,0
3315,0,0,0,0,0,0,0,0,0,0,0,0
3316,0,0,0,0,0,0,0,0,0,0,0,0
3317,0,0,0,0,0,0,0,0,0,0,0,0
3318,0,0,0,0,0,0,0,6755,600,6755,600,0
3319,0,0,0,0,0,0,0,0,0,0,0,0
3320,0,0,0,0,0,0,0,6755,600,6755,600,0
3321,0,0,0,0,0,0,0,0,0,0,0,0
3323,0,0,0,0,0,0,0,0,0,6755,600,0
3324,0,0,0,0,0,0,0,0,0,6755,600,0
3326,0,0,0,0,0,0,0,0,0,6755,600,0
3327,0,0,0,0,0,0,0,0,0,6755,600,0
3330,0,0,0,0,0,0,0,0,0,0,0,0
3331,0,0,0,0,0,0,0,0,0,6755,600,0
3332,0,0,0,0,0,0,0,6755,600,6755,600,0
3333,0,0,0,0,0,0,0,0,0,0,0,0
3335,0,0,0,0,0,0,0,0,0,6755,600,0
3337,0,0,0,0,0,0,0,6755,600,6755,600,0
3338,0,0,0,0,0,0,0,6755,600,6755,600,0
3339,0,0,0,0,0,0,0,0,0,0,0,0
3340,1950,500,5825,600,0,5825,600,5825,600,5825,600,0
3341,1950,500,5825,600,0,5825,600,5825,600,5825,600,0
3342,1950,500,5825,600,0,5825,600,5825,600,5825,600,0
3343,1950,500,5825,600,0,5825,600,5825,600,5825,600,0
3344,0,500,5825,600,0,5825,600,5825,600,5825,600,0
3346,1950,500,5825,600,0,5825,600,5825,600,5825,600,0
3347,0,500,5825,600,0,5825,600,5825,600,5825,600,0
3348,1950,500,5825,600,0,5825,600,5825,600,5825,600,0
3350,1950,500,5825,600,0,5825,600,5825,600,5825,600,0
3351,0,0,0,0,0,0,0,0,0,0,0,0
3352,0,0,6755,600,0,6755,600,6755,600,6755,600,0
3353,1950,500,5825,600,0,5825,600,5825,600,5825,600,0
3354,1950,500,5825,600,0,5825,600,5825,600,5825,600,0
3355,1950,500,5825,600,0,5825,600,5825,600,5825,600,0
3357,0,0,0,0,0,0,0,0,0,0,0,0
3359,0,0,0,0,0,0,0,0,0,0,0,0
3360,0,0,0,0,0,0,0,5380,600,5380,600,0
3361,0,0,0,0,0,0,0,0,0,0,0,0
3362,0,0,0,0,0,0,0,5380,600,5380,600,0
3371,1950,500,5825,600,0,5825,600,5825,600,5825,600,0
3374,1950,500,5825,600,0,5825,600,5825,600,5825,600,0
3375,1950,500,5825,600,0,5825,600,5825,600,5825,600,0
3376,0,0,0,0,0,0,0,0,0,0,0,0
3377,1950,500,5825,600,0,5825,600,5825,600,5825,600,0
3379,1950,500,5825,600,0,5825,600,5825,600,5825,600,0
3380,0,0,0,0,0,0,0,0,0,0,0,0
3383,0,0,0,0,0,0,0,0,0,0,0,0
3384,0,0,0,0,0,0,0,0,0,0,0,0
3385,0,0,0,0,0,0,0,0,0,0,0,0
3386,0,0,0,0,0,0,0,0,0,0,0,0
3389,0,0,0,0,0,0,0,0,0,0,0,0
3391,0,0,0,0,0,0,0,0,0,0,0,0
3392,0,0,0,0,0,0,0,0,0,0,0,0
3393,0,0,0,0,0,0,0,0,0,0,0,0
3396,0,0,0,0,0,0,0,0,0,0,0,0
3397,0,0,0,0,0,0,0,0,0,0,0,0
3399,0,0,0,0,0,0,0,0,0,0,0,0
3400,0,0,0,0,0,0,0,0,0,0,0,0
3401,0,0,5380,600,0,5380,600,5380,600,5380,600,0
3421,0,0,0,0,0,0,0,0,0,0,0,0
3432,0,0,5380,600,0,5380,600,5380,600,5380,600,0
3433,0,0,5380,600,0,5380,600,5380,600,5380,600,0
3437,0,0,5380,600,0,5380,600,5380,600,5380,600,0
3442,0,0,0,0,0,0,0,0,0,0,0,0
3443,1950,500,5825,600,0,5825,600,5825,600,5825,600,0
3445,0,0,0,0,0,0,0,0,0,0,0,0
3446,0,0,0,0,0,0,0,0,0,0,0,0
3447,1950,500,5825,600,0,5825,600,5825,600,5825,600,0
3448,0,0,0,0,0,0,0,0,0,0,0,0
3449,0,0,0,0,0,0,0,0,0,0,0,0
3450,0,0,0,0,0,0,0,0,0,0,0,0
3451,0,0,0,0,0,0,0,0,0,0,0,0
3452,0,0,0,0,0,0,0,0,0,6755,600,0
3453,0,0,0,0,0,0,0,0,0,0,0,0
3454,0,0,0,0,0,0,0,0,0,0,0,0
3455,0,0,0,0,0,0,0,0,0,0,0,0
3457,0,0,6755,600,0,6755,600,0,0,6755,600,0
3458,0,0,0,0,0,0,0,0,0,6755,600,0
3462,0,0,0,0,0,0,0,0,0,0,0,0
3463,0,0,6755,600,0,6755,600,0,0,0,0,0
3464,0,0,0,0,0,0,0,0,0,6755,600,0
3465,0,0,0,0,0,0,0,0,0,6755,600,0
3466,0,0,6755,600,0,6755,600,0,0,0,0,0
3467,0,0,0,0,0,0,0,0,0,0,0,0
3468,0,0,6755,600,0,6755,600,0,0,6755,600,0
3469,0,0,6755,600,0,6755,600,6755,600,6755,600,0
3470,0,0,0,0,0,0,0,0,0,0,0,0
3472,0,0,0,0,0,0,0,0,0,6755,600,0
3473,0,0,6755,600,0,6755,600,6755,600,6755,600,0
3474,0,0,0,0,0,0,0,0,0,0,0,0
3475,0,0,0,0,0,0,0,6755,600,6755,600,0
3476,0,0,6755,600,0,6755,600,0,0,6755,600,0
3477,0,0,0,0,0,0,0,0,0,0,0,0
3478,0,0,6755,600,0,6755,600,6755,600,6755,600,0
3479,0,0,6755,600,0,6755,600,0,0,6755,600,0
3480,0,0,0,0,0,0,0,0,0,0,0,0
3481,0,0,0,0,0,0,0,6755,600,6755,600,0
3482,0,0,0,0,0,0,0,6755,600,6755,600,0
3483,0,0,0,0,0,0,0,0,0,0,0,0
3484,0,0,0,0,0,0,0,0,0,0,0,0
3485,0,0,6755,600,0,6755,600,0,0,6755,600,0
3486,0,0,6755,600,0,6755,600,0,0,6755,600,0
3487,0,0,0,0,0,0,0,6755,600,6755,600,0
3488,0,0,0,0,0,0,0,0,0,6755,600,0
3489,0,0,0,0,0,6755,600,6755,600,6755,600,0
3490,0,0,6755,600,0,6755,600,0,0,0,0,0
3491,0,0,0,0,0,0,0,6755,600,6755,600,0
3492,0,0,6755,600,0,6755,600,0,0,6755,600,0
3493,0,0,6755,600,0,6755,600,6755,600,6755,600,0
3494,0,0,0,0,0,0,0,0,0,0,0,0
3495,0,0,0,0,0,0,0,0,0,0,0,0
3497,0,0,0,0,0,0,0,0,0,6755,600,0
3498,0,0,6755,600,0,6755,600,0,0,6755,600,0
3499,0,0,0,0,0,0,0,0,0,0,0,0
3500,0,0,0,0,0,0,0,0,0,0,0,0
3502,0,0,0,0,0,0,0,0,0,6755,600,0
3505,0,0,0,0,0,0,0,0,0,0,0,0
3506,0,0,6755,600,0,6755,600,0,0,0,0,0
3507,0,0,6755,600,0,6755,600,0,0,6755,600,0
3508,0,0,6755,600,0,6755,600,0,0,6755,600,0
3510,0,0,6755,600,0,6755,600,0,0,0,0,0
3511,0,0,0,0,0,0,0,0,0,0,0,0
3512,0,0,0,0,0,0,0,0,0,6755,600,0
3513,0,0,0,0,0,0,0,6755,600,6755,600,0
3514,0,0,0,0,0,0,0,0,0,6755,600,0
3515,0,0,6755,600,0,6755,600,0,0,0,0,0
3516,0,0,0,0,0,0,0,0,0,6755,600,0
3517,0,0,0,0,0,0,0,0,0,0,0,0
3518,0,0,6755,600,0,6755,600,0,0,0,0,0
3519,0,0,0,0,0,0,0,0,0,0,0,0
3520,0,0,0,0,0,0,0,0,0,0,0,0
3521,0,0,6755,600,0,6755,600,6755,600,6755,600,0
3522,0,0,6755,600,0,6755,600,6755,600,6755,600,0
3523,0,0,0,0,0,0,0,6755,600,6755,600,0
3524,0,0,0,0,0,0,0,0,0,6755,600,0
3525,0,0,0,0,0,0,0,0,0,6755,600,0
3526,0,0,0,0,0,0,0,0,0,6755,600,0
3527,0,0,6755,600,0,6755,600,6755,600,6755,600,0
3528,0,0,6755,600,0,6755,600,6755,600,6755,600,0
3529,0,0,0,0,0,0,0,0,0,0,0,0
3530,0,0,0,0,0,0,0,0,0,0,0,0
3531,0,0,0,0,0,0,0,6755,600,6755,600,0
3532,0,0,6755,600,0,6755,600,0,0,6755,600,0
3533,0,500,6755,600,0,6755,600,6755,600,6755,600,0
3534,0,0,0,0,0,0,0,0,0,0,0,0
3535,0,0,0,0,0,0,0,0,0,0,0,0
3536,0,0,0,0,0,0,0,6755,600,6755,600,0
3538,0,0,0,0,0,0,0,0,0,0,0,0
3540,0,0,0,0,0,0,0,6755,600,6755,600,0
3541,0,0,0,0,0,0,0,0,0,6755,600,0
3542,0,0,0,0,0,0,0,0,0,6755,600,0
3543,0,0,0,0,0,0,0,0,0,6755,600,0
3544,0,0,0,0,0,0,0,6755,600,6755,600,0
3545,0,0,0,0,0,0,0,0,0,6755,600,0
3546,0,0,0,0,0,0,0,0,0,0,0,0
3547,0,0,0,0,0,0,0,0,0,0,0,0
3548,0,0,0,0,0,0,0,0,0,6755,600,0
3549,0,0,0,0,0,0,0,6755,600,6755,600,0
3550,0,0,0,0,0,0,0,6755,600,6755,600,0
3551,0,0,0,0,0,0,0,6755,600,6755,600,0
3552,0,0,0,0,0,0,0,0,0,6755,600,0
3553,0,0,0,0,0,0,0,0,0,6755,600,0
3554,0,0,0,0,0,0,0,0,0,6755,600,0
3555,0,0,0,0,0,0,0,0,0,0,0,0
3556,0,0,0,0,0,0,0,0,0,6755,100,0
3557,0,0,0,0,0,0,0,0,0,6755,100,0
3558,0,0,0,0,0,0,0,6755,240,6755,600,0
3559,0,0,0,0,0,0,0,0,0,6755,600,0
3560,0,0,0,0,0,0,0,6755,600,6755,600,0
3561,0,0,0,0,0,0,0,0,0,6755,600,0
3562,0,0,0,0,0,0,0,0,0,6755,600,0
3563,0,0,0,0,0,0,0,0,0,6755,600,0
3564,0,500,6755,600,0,6755,600,6755,600,6755,600,0
3566,0,0,0,0,0,0,0,0,0,6755,600,0
3567,0,0,0,0,0,0,0,0,0,6755,600,0
3568,0,0,0,0,0,0,0,0,0,0,0,0
3569,0,0,0,0,0,0,0,0,0,6755,600,0
3570,0,0,0,0,0,0,0,0,0,0,0,0
3573,0,0,0,0,0,0,0,0,0,6755,600,0
3575,0,0,0,0,0,0,0,0,0,0,0,0
3576,0,0,0,0,0,0,0,0,0,0,0,0
3577,0,0,0,0,0,0,0,6755,600,6755,600,0
3579,0,0,0,0,0,0,0,0,0,0,0,0
3580,0,0,0,0,0,0,0,0,0,0,0,0
3582,1950,500,5825,600,0,5825,600,5825,600,5825,600,0
3583,0,0,0,0,0,0,0,0,0,0,0,0
3584,0,0,8685,0,0,8685,0,8685,0,8685,0,0
3585,0,0,5380,600,0,5380,600,0,0,5380,600,0
3586,0,0,0,0,0,0,0,0,0,0,0,0
3587,0,0,0,0,0,0,0,0,0,6755,600,0
3588,1950,500,5825,600,0,5825,600,5825,600,5825,600,0
3590,0,0,0,0,0,0,0,5825,600,5825,600,0
3592,0,0,0,0,0,0,0,0,0,5380,600,0
3593,0,0,0,0,0,0,0,0,0,6755,600,0
3594,0,0,0,0,0,0,0,6755,600,6755,600,0
3595,1950,500,5825,600,0,5825,600,5825,600,5825,600,0
3599,0,0,0,0,0,0,0,0,0,0,0,0
3603,0,0,0,0,0,0,0,0,0,0,0,0
3605,0,0,0,0,0,0,0,0,0,0,0,0
3608,0,0,0,0,0,0,0,0,0,0,0,0
3609,1950,500,5825,600,0,5825,600,5825,600,5825,600,0
3612,0,0,0,0,0,0,0,6755,600,6755,600,0
3615,0,0,0,0,0,0,0,0,0,0,0,0
3617,0,0,0,0,0,0,0,0,0,0,0,0
3618,0,0,0,0,0,0,0,0,0,0,0,0
3619,0,0,0,0,0,0,0,0,0,0,0,0
3620,0,0,0,0,0,0,0,0,0,0,0,0
3621,0,0,0,0,0,0,0,0,0,0,0,0
3622,0,0,0,0,0,0,0,0,0,0,0,0
3623,0,0,0,0,0,0,0,0,0,0,0,0
3624,0,0,0,0,0,0,0,0,0,0,0,0
3625,0,0,0,0,0,0,0,0,0,0,0,0
3626,0,0,0,0,0,0,0,0,0,0,0,0
3627,0,0,0,0,0,0,0,0,0,0,0,0
3628,0,0,0,0,0,0,0,0,0,0,0,0
3629,0,0,0,0,0,0,0,0,0,0,0,0
3630,0,0,0,0,0,0,0,0,0,0,0,0
3631,0,0,0,0,0,0,0,0,0,0,0,0
3632,0,0,0,0,0,0,0,0,0,0,0,0
3633,0,0,0,0,0,0,0,0,0,0,0,0
3634,0,0,0,0,0,0,0,0,0,0,0,0
3635,0,0,0,0,0,0,0,0,0,0,0,0
3636,0,0,0,0,0,0,0,0,0,0,0,0
3637,0,0,0,0,0,0,0,0,0,0,0,0
3645,0,0,0,0,0,0,0,0,0,0,0,0
3647,0,0,0,0,0,0,0,0,0,0,0,0
3652,0,0,0,0,0,0,0,0,0,0,0,0
3653,1950,500,5825,600,0,5825,600,5825,600,5825,600,0
3654,0,0,0,0,0,0,0,0,0,0,0,0
3655,1950,500,5825,600,0,5825,600,5825,600,5825,600,0
3656,0,0,0,0,0,0,0,0,0,0,0,0
3657,0,0,0,0,0,0,0,0,0,0,0,0
3658,0,0,0,0,0,0,0,0,0,0,0,0
3659,0,0,0,0,0,0,0,0,0,0,0,0
3661,1950,500,5825,600,0,5825,600,5825,600,5825,600,0
3665,1950,500,5825,600,0,5825,600,5825,600,5825,600,0
3668,0,0,0,0,0,0,0,0,0,0,0,0
3669,0,0,0,0,0,0,0,0,0,0,0,0
3670,0,0,6755,600,0,6755,600,0,0,6755,600,0
3671,0,0,6755,600,0,6755,600,6755,600,6755,600,0
3672,2260,500,6755,600,0,6755,600,6755,600,6755,600,0
3673,0,0,6755,600,0,6755,600,6755,600,6755,600,0
3674,0,0,6755,600,0,6755,600,0,0,0,0,0
3675,0,0,6755,600,0,6755,600,0,0,0,0,0
3676,0,0,6755,600,0,6755,600,0,0,0,0,0
3677,0,0,6755,600,0,6755,600,0,0,0,0,0
3678,0,0,6755,600,0,6755,600,0,0,0,0,0
3679,0,0,0,0,0,0,0,0,0,6755,600,0
3680,0,0,6755,600,0,6755,600,0,0,0,0,0
3681,0,0,6755,600,0,0,0,6755,600,6755,600,0
3682,0,0,6755,600,0,6755,600,6755,600,6755,600,0
3683,2260,500,6755,600,0,6755,600,6755,600,6755,600,0
3685,0,0,6755,600,0,6755,600,6755,600,6755,600,0
3686,0,0,0,0,0,0,0,0,0,0,0,0
3687,0,0,6755,600,0,6755,600,0,0,6755,600,0
3688,0,0,0,0,0,0,0,6755,0,6755,0,0
3689,0,0,6755,600,0,6755,600,0,0,6755,600,0
3690,0,0,6755,600,0,6755,600,6755,600,6755,600,0
3691,0,0,6755,600,0,6755,600,0,0,6755,600,0
3692,0,0,6755,600,0,6755,600,0,0,6755,600,0
3693,0,0,6755,600,0,6755,600,6755,600,6755,600,0
3694,0,0,0,0,0,0,0,0,0,0,0,0
3695,0,0,6755,600,0,6755,600,0,0,6755,600,0
3696,0,0,6755,600,0,6755,600,0,0,6755,600,0
3697,0,0,0,0,0,0,0,6755,600,6755,600,0
3698,0,0,6755,600,0,0,0,6755,600,6755,600,0
3699,0,0,6755,600,0,6755,600,6755,600,6755,600,0
3700,0,0,6755,600,0,0,0,0,0,6755,600,0
3701,0,0,0,0,0,0,0,0,0,0,0,0
3702,0,0,6755,600,0,0,0,0,0,0,0,0
3703,0,0,6755,600,0,6755,600,0,0,0,0,0
3704,0,0,6755,600,0,6755,600,6755,600,6755,600,0
3705,0,0,6755,600,0,6755,600,0,0,0,0,0
3706,0,0,6755,600,0,6755,600,0,0,6755,600,0
3707,0,0,6755,600,0,6755,600,0,0,0,0,0
3708,0,0,6755,600,0,6755,600,0,0,0,0,0
3709,0,0,0,0,0,0,0,6755,600,6755,600,0
3710,0,0,6755,600,0,6755,600,0,0,0,0,0
3712,0,0,0,0,0,0,0,6755,600,6755,600,0
3713,0,0,6755,600,0,6755,600,0,0,6755,600,0
3715,0,0,6755,600,0,6755,600,6755,600,6755,600,0
3716,0,0,6755,600,0,6755,600,0,0,6755,600,0
3717,0,0,6755,600,0,6755,600,0,0,6755,600,0
3718,0,0,6755,600,0,0,0,0,0,6755,600,0
3719,0,0,6755,600,0,6755,600,6755,600,6755,600,0
3720,0,0,0,0,0,0,0,0,0,6755,600,0
3721,0,0,6755,600,0,6755,600,0,0,6755,600,0
3722,0,0,6755,600,0,6755,600,0,0,0,0,0
3723,0,0,6755,600,0,0,0,0,0,6755,600,0
3724,0,0,0,0,0,0,0,0,0,0,0,0
3725,0,0,6755,600,0,6755,600,6755,600,6755,600,0
3726,0,0,0,0,0,0,0,0,0,0,0,0
3727,0,0,6755,600,0,0,0,0,0,6755,600,0
3729,0,0,6755,600,0,0,0,0,0,6755,600,0
3730,0,0,6755,600,0,0,0,0,0,6755,600,0
3732,0,0,6755,600,0,0,0,0,0,6755,600,0
3733,0,0,6755,600,0,0,0,0,0,6755,600,0
3734,0,0,6755,600,0,6755,600,0,0,6755,600,0
3735,0,0,6755,600,0,6755,600,6755,600,6755,600,0
3736,0,0,6755,600,0,6755,600,0,0,0,0,0
3737,0,0,0,0,0,0,0,0,0,6755,600,0
3739,0,0,6755,600,0,0,0,0,0,0,0,0
3740,0,0,6755,600,0,6755,600,0,0,0,0,0
3741,0,0,0,0,0,0,0,0,0,0,0,0
3742,0,0,0,0,0,0,0,0,0,6755,0,0
3745,0,0,6755,600,0,6755,600,0,0,0,0,0
3746,0,0,6755,600,0,6755,600,0,0,0,0,0
3747,0,0,6755,600,0,6755,600,0,0,6755,600,0
3749,0,0,6755,600,0,6755,600,0,0,6755,600,0
3751,0,0,6755,600,0,6755,600,6755,600,6755,600,0
3752,0,0,6755,600,0,6755,600,0,0,6755,600,0
3753,0,0,6755,600,0,6755,600,0,0,0,0,0
3756,0,0,6755,600,0,6755,600,0,0,0,0,0
3757,0,0,0,0,0,0,0,0,0,0,0,0
3758,0,0,0,0,0,0,0,0,0,0,0,0
3759,0,0,6755,600,0,6755,600,0,0,0,0,0
3760,0,0,6755,600,0,6755,600,6755,600,6755,600,0
3762,0,0,6755,600,0,6755,600,0,0,6755,600,0
3763,0,0,6755,600,0,6755,600,0,0,6755,600,0
3764,0,0,6755,600,0,6755,600,0,0,0,0,0
3765,0,0,0,0,0,0,0,6755,600,6755,600,0
3766,0,0,6755,600,0,6755,600,0,0,6755,600,0
3767,0,0,6755,600,0,0,0,0,0,0,0,0
3769,0,0,6755,600,0,6755,600,6755,600,6755,600,0
3771,0,0,0,0,0,0,0,0,0,0,0,0
3772,0,0,0,0,0,0,0,6755,600,6755,600,0
3773,0,0,0,0,0,0,0,0,0,0,0,0
3774,0,0,0,0,0,0,0,6755,0,6755,0,0
3775,0,0,6755,600,0,6755,600,0,0,0,0,0
3776,0,0,6755,600,0,6755,600,0,0,6755,600,0
3777,0,0,6755,600,0,6755,600,0,0,6755,600,0
3778,0,0,0,0,0,0,0,0,0,6755,600,0
3779,0,0,0,0,0,0,0,0,0,0,0,0
3780,0,0,6755,600,0,0,0,0,0,6755,600,0
3781,0,0,0,0,0,0,0,0,0,6755,0,0
3782,0,0,6755,600,0,6755,600,0,0,6755,600,0
3783,0,0,6755,600,0,6755,600,0,0,0,0,0
3786,0,0,0,0,0,0,0,0,0,0,0,0
3787,0,0,0,0,0,0,0,0,0,0,0,0
3788,0,0,6755,600,0,6755,600,0,0,6755,600,0
3791,0,0,6755,600,0,6755,600,6755,600,6755,600,0
3793,0,0,0,0,0,0,0,0,0,0,0,0
3795,0,0,0,0,0,0,0,0,0,0,0,0
3796,0,0,6755,600,0,6755,600,0,0,6755,600,0
3797,0,0,6755,600,0,6755,600,0,0,0,0,0
3798,0,0,6755,600,0,6755,600,0,0,6755,600,0
3802,0,0,0,0,0,0,0,0,0,0,0,0
3803,0,0,0,0,0,0,0,0,0,0,0,0
3804,0,0,0,0,0,0,0,0,0,6755,0,0
3806,0,0,0,0,0,0,0,0,0,6755,600,0
3808,0,0,6755,600,0,6755,600,0,0,0,0,0
3809,0,0,0,0,0,0,0,0,0,0,0,0
3810,0,0,0,0,0,0,0,6755,600,6755,600,0
3811,0,0,0,0,0,0,0,0,0,0,0,0
3814,0,0,6755,600,0,6755,600,0,0,0,0,0
3815,0,0,0,0,0,0,0,0,0,6755,600,0
3816,0,0,0,0,0,0,0,6755,600,6755,600,0
3818,0,0,0,0,0,0,0,0,0,0,0,0
3819,0,0,0,0,0,0,0,0,0,0,0,0
3820,0,0,6755,600,0,0,0,0,0,6755,600,0
3821,0,0,6755,600,0,0,0,0,0,6755,600,0
3822,0,0,6755,600,0,6755,600,0,0,0,0,0
3823,0,0,0,0,0,0,0,6755,600,6755,600,0
3824,0,0,0,0,0,0,0,6755,600,6755,600,0
3826,0,0,0,0,0,0,0,0,0,6755,600,0
3827,0,0,0,0,0,0,0,0,0,6755,600,0
3828,0,0,0,0,0,0,0,6755,600,6755,600,0
3829,0,0,6755,600,0,6755,600,6755,600,6755,600,0
3830,0,0,0,0,0,6755,0,6755,0,6755,0,0
3832,0,0,5380,600,0,5380,600,0,0,5380,600,0
3833,0,500,5380,600,0,5380,600,5380,600,5380,600,0
3834,0,0,0,0,0,0,0,0,0,6755,600,0
3835,0,0,0,0,0,0,0,0,0,0,0,0
3836,0,0,0,0,0,0,0,0,0,6755,0,0
3837,0,0,0,0,0,0,0,0,0,0,0,0
3838,0,0,0,0,0,0,0,0,0,0,0,0
3839,0,0,0,0,0,0,0,0,0,6755,600,0
3840,0,0,0,0,0,0,0,0,0,0,0,0
3841,0,0,0,0,0,0,0,0,0,0,0,0
3842,0,0,0,0,0,0,0,0,0,0,0,0
3843,0,0,0,0,0,0,0,0,0,6755,0,0
3844,0,0,0,0,0,0,0,0,0,0,0,0
3845,1950,500,5825,600,0,5825,600,5825,600,5825,600,0
3846,1950,500,5825,600,0,5825,600,5825,600,5825,600,0
3847,1950,500,5825,600,0,5825,600,5825,600,5825,600,0
3849,1950,500,5825,600,0,5825,600,5825,600,5825,600,0
3850,0,0,0,0,0,0,0,0,0,0,0,0
3851,0,0,0,0,0,0,0,0,0,0,0,0
3853,0,0,0,0,0,0,0,0,0,0,0,0
3854,0,0,0,0,0,0,0,0,0,6755,0,0
3856,0,0,0,0,0,0,0,0,0,0,0,0
3857,0,0,0,0,0,0,0,0,0,0,0,0
3858,0,0,0,0,0,0,0,0,0,0,0,0
3860,0,0,0,0,0,0,0,0,0,0,0,0
3861,0,0,0,0,0,0,0,0,0,0,0,0
3862,0,0,0,0,0,0,0,0,0,0,0,0
3863,0,0,6755,600,0,6755,600,6755,600,6755,600,0
3864,0,0,0,0,0,0,0,6755,600,6755,600,0
3865,0,0,0,0,0,0,0,0,0,0,0,0
3866,0,0,0,0,0,0,0,0,0,0,0,0
3867,0,0,0,0,0,0,0,0,0,0,0,0
3868,0,0,6755,600,0,6755,600,6755,600,6755,600,0
3871,0,0,6755,600,0,0,0,0,0,6755,600,0
3903,0,0,0,0,0,0,0,0,0,5380,600,0
3910,1950,500,5825,600,0,5825,600,5825,600,5825,600,0
3911,0,0,0,0,0,0,0,0,0,0,0,0
3913,1950,500,5825,600,0,5825,600,5825,600,5825,600,0
3917,0,0,0,0,0,0,0,0,0,0,0,0
3920,0,0,0,0,0,0,0,0,0,0,0,0
3921,0,0,0,0,0,0,0,0,0,0,0,0
3923,0,0,0,0,0,0,0,0,0,0,0,0
3926,0,0,0,0,0,0,0,0,0,0,0,0
3928,0,0,0,0,0,0,0,0,0,0,0,0
3929,0,0,0,0,0,0,0,0,0,0,0,0
3930,0,0,0,0,0,0,0,0,0,0,0,0
3931,0,0,0,0,0,0,0,0,0,0,0,0
3932,0,0,0,0,0,0,0,0,0,0,0,0
3934,0,0,0,0,0,0,0,0,0,0,0,0
3935,0,0,0,0,0,0,0,0,0,0,0,0
3936,0,0,0,0,0,0,0,0,0,0,0,0
3937,0,0,0,0,0,0,0,0,0,0,0,0
3940,0,0,0,0,0,0,0,0,0,0,0,0
3941,0,0,0,0,0,0,0,0,0,0,0,0
3942,0,0,0,0,0,0,0,0,0,0,0,0
3943,0,0,0,0,0,0,0,0,0,0,0,0
3945,0,0,0,0,0,0,0,0,0,0,0,0
3946,0,0,0,0,0,0,0,0,0,6755,600,0
3947,0,0,0,0,0,0,0,0,0,0,0,0
3948,0,0,0,0,0,0,0,0,0,0,0,0
3949,0,0,0,0,0,0,0,0,0,0,0,0
3951,0,0,0,0,0,0,0,0,0,0,0,0
3952,0,0,0,0,0,0,0,0,0,0,0,0
3953,0,0,0,0,0,0,0,6755,600,6755,600,0
3954,0,0,0,0,0,0,0,0,0,0,0,0
3955,0,0,6755,600,0,0,0,6755,600,6755,600,0
3956,0,0,0,0,0,0,0,0,0,7030,600,0
3957,0,0,0,0,0,0,0,0,0,0,0,0
3958,0,0,0,0,0,0,0,0,0,0,0,0
3959,0,0,0,0,0,0,0,0,0,0,0,0
3960,0,0,0,0,0,0,0,0,0,0,0,0
3961,0,0,0,0,0,0,0,0,0,0,0,0
3962,0,0,0,0,0,0,0,0,0,0,0,0
3963,0,0,0,0,0,0,0,0,0,0,0,0
3964,0,0,0,0,0,0,0,0,0,0,0,0
3965,0,0,0,0,0,0,0,7030,600,7030,600,0
3966,0,0,0,0,0,0,0,0,0,0,0,0
3967,0,0,0,0,0,0,0,0,0,7030,600,0
3969,0,0,0,0,0,0,0,0,0,0,0,0
3970,0,0,0,0,0,0,0,0,0,7030,600,0
3971,0,0,0,0,0,0,0,0,0,0,0,0
3972,0,0,0,0,0,0,0,0,0,0,0,0
3973,0,0,0,0,0,0,0,0,0,0,0,0
3974,0,0,0,0,0,0,0,0,0,0,0,0
3975,0,0,0,0,0,0,0,0,0,0,0,0
3976,0,0,0,0,0,0,0,0,0,0,0,0
3977,0,0,0,0,0,0,0,0,0,0,0,0
3978,0,0,0,0,0,0,0,0,0,7030,600,0
3979,0,0,0,0,0,0,0,0,0,0,0,0
3980,0,0,0,0,0,0,0,0,0,0,0,0
3981,0,0,0,0,0,0,0,7030,600,7030,600,0
3982,0,0,0,0,0,0,0,0,0,0,0,0
3983,0,0,0,0,0,0,0,7030,600,7030,600,0
3984,0,0,0,0,0,0,0,0,0,0,0,0
3985,0,0,0,0,0,0,0,0,0,7030,600,0
3986,0,0,0,0,0,0,0,0,0,7030,600,0
3987,0,0,0,0,0,0,0,0,0,7030,600,0
3988,0,0,0,0,0,0,0,0,0,0,0,0
3989,0,0,0,0,0,0,0,0,0,0,0,0
3990,0,0,0,0,0,0,0,0,0,7030,600,0
3991,0,0,0,0,0,0,0,0,0,0,0,0
3992,0,0,0,0,0,0,0,0,0,0,0,0
3993,0,0,0,0,0,0,0,0,0,0,0,0
3994,0,0,0,0,0,0,0,0,0,0,0,0
3995,0,0,0,0,0,0,0,0,0,7030,600,0
3997,0,0,0,0,0,0,0,0,0,7030,600,0
3998,0,0,0,0,0,0,0,0,0,7030,600,0
3999,0,0,0,0,0,0,0,0,0,0,0,0
4001,0,0,0,0,0,0,0,0,0,0,0,0
4002,0,0,0,0,0,0,0,0,0,0,0,0
4003,0,0,0,0,0,0,0,0,0,0,0,0
4004,0,0,0,0,0,0,0,0,0,0,0,0
4005,0,0,0,0,0,0,0,0,0,0,0,0
4006,0,0,0,0,0,0,0,0,0,0,0,0
4007,0,0,0,0,0,0,0,0,0,7030,600,0
4008,0,0,0,0,0,0,0,0,0,7030,600,0
4009,0,0,0,0,0,0,0,0,0,0,0,0
4010,0,0,0,0,0,7030,600,7030,600,7030,600,0
4011,0,0,0,0,0,0,0,0,0,7030,600,0
4012,0,0,7030,600,0,7030,600,0,0,7030,600,0
4013,0,0,0,0,0,0,0,0,0,7030,600,0
4014,0,0,0,0,0,0,0,0,0,0,0,0
4015,0,0,0,0,0,0,0,0,0,7030,600,0
4016,0,0,0,0,0,0,0,0,0,0,0,0
4017,0,0,7030,600,0,0,0,0,0,7030,600,0
4018,0,0,0,0,0,0,0,0,0,7030,600,0
4020,0,0,0,0,0,0,0,0,0,0,0,0
4021,0,0,0,0,0,0,0,0,0,7030,600,0
4023,0,0,0,0,0,0,0,0,0,0,0,0
4024,0,0,0,0,0,0,0,0,0,0,0,0
4025,0,0,0,0,0,0,0,0,0,0,0,0
4026,0,0,0,0,0,0,0,0,0,7030,600,0
4027,0,0,0,0,0,0,0,0,0,0,0,0
4028,0,0,0,0,0,0,0,0,0,0,0,0
4029,0,0,0,0,0,0,0,0,0,0,0,0
4030,0,0,0,0,0,0,0,0,0,0,0,0
4031,0,0,0,0,0,0,0,0,0,7030,600,0
4032,0,0,0,0,0,0,0,0,0,0,0,0
4033,0,0,0,0,0,0,0,7030,600,7030,600,0
4036,0,0,0,0,0,0,0,0,0,7030,600,0
4037,0,0,0,0,0,0,0,0,0,7030,600,0
4038,0,0,0,0,0,0,0,0,0,7030,600,0
4039,0,0,0,0,0,0,0,0,0,0,0,0
4040,0,0,0,0,0,0,0,0,0,0,0,0
4041,0,0,0,0,0,0,0,0,0,0,0,0
4042,0,0,0,0,0,0,0,0,0,7030,600,0
4043,0,0,0,0,0,0,0,0,0,7030,600,0
4044,0,0,0,0,0,0,0,0,0,0,0,0
4045,0,0,0,0,0,0,0,0,0,0,0,0
4046,0,0,0,0,0,0,0,0,0,0,0,0
4048,0,0,7030,600,0,7030,600,0,0,0,0,0
4050,0,0,0,0,0,0,0,0,0,7030,600,0
4051,0,0,0,0,0,0,0,0,0,0,0,0
4052,0,0,0,0,0,0,0,0,0,0,0,0
4053,0,0,0,0,0,0,0,0,0,0,0,0
4054,0,0,0,0,0,0,0,0,0,0,0,0
4055,0,0,0,0,0,0,0,0,0,0,0,0
4056,0,0,0,0,0,0,0,0,0,7030,600,0
4057,0,0,0,0,0,0,0,0,0,0,0,0
4058,0,0,0,0,0,0,0,0,0,0,0,0
4059,0,0,0,0,0,0,0,0,0,0,0,0
4060,0,0,0,0,0,0,0,0,0,0,0,0
4061,0,0,0,0,0,0,0,0,0,7030,600,0
4062,0,0,0,0,0,0,0,7030,600,7030,600,0
4063,0,0,0,0,0,0,0,0,0,0,0,0
4064,0,0,0,0,0,0,0,0,0,0,0,0
4065,0,0,0,0,0,0,0,0,0,0,0,0
4067,0,0,0,0,0,0,0,0,0,7030,600,0
4068,0,0,0,0,0,0,0,0,0,0,0,0
4069,0,0,7030,600,0,7030,600,7030,600,7030,600,0
4070,0,0,0,0,0,0,0,0,0,0,0,0
4071,0,0,0,0,0,0,0,7030,600,7030,600,0
4072,0,0,0,0,0,0,0,0,0,0,0,0
4073,0,0,0,0,0,0,0,0,0,0,0,0
4074,0,0,0,0,0,0,0,0,0,7030,600,0
4075,0,0,0,0,0,0,0,0,0,7030,600,0
4078,0,0,0,0,0,0,0,0,0,0,0,0
4079,0,0,0,0,0,0,0,0,0,0,0,0
4080,0,0,0,0,0,0,0,0,0,0,0,0
4081,0,0,7030,600,0,0,0,0,0,7030,600,0
4082,0,0,0,0,0,0,0,0,0,0,0,0
4083,0,0,0,0,0,0,0,0,0,0,0,0
4084,0,0,0,0,0,0,0,0,0,0,0,0
4085,0,0,0,0,0,0,0,0,0,0,0,0
4087,0,0,0,0,0,0,0,0,0,0,0,0
4088,0,0,0,0,0,0,0,0,0,0,0,0
4089,0,0,0,0,0,0,0,0,0,7030,600,0
4090,0,0,0,0,0,0,0,0,0,0,0,0
4091,0,0,0,0,0,0,0,0,0,7030,600,0
4092,0,0,0,0,0,0,0,0,0,0,0,0
4093,0,0,0,0,0,0,0,0,0,0,0,0
4094,0,0,0,0,0,0,0,0,0,0,0,0
4095,0,0,0,0,0,0,0,0,0,0,0,0
4096,0,0,0,0,0,0,0,0,0,0,0,0
4097,0,0,0,0,0,0,0,0,0,7030,600,0
4098,0,0,0,0,0,0,0,0,0,0,0,0
4099,0,0,0,0,0,0,0,0,0,6755,600,0
4100,0,0,0,0,0,0,0,0,0,0,0,0
4101,0,0,0,0,0,0,0,7030,600,7030,600,0
4102,0,0,0,0,0,0,0,0,0,0,0,0
4103,0,0,0,0,0,0,0,0,0,0,0,0
4105,0,0,0,0,0,0,0,0,0,7030,600,0
4106,1950,500,5825,600,0,5825,600,5825,600,5825,600,0
4107,0,0,7030,600,0,7030,600,7030,600,7030,600,0
4108,0,0,7030,600,0,7030,600,7030,600,7030,600,0
4109,0,0,0,0,0,0,0,0,0,0,0,0
4111,0,0,6755,600,0,6755,600,6755,600,6755,600,0
4112,0,0,0,0,0,0,0,0,0,0,0,0
4117,1950,500,5825,600,0,5825,600,5825,600,5825,600,0
4118,0,0,0,0,0,0,0,0,0,0,0,0
4119,0,0,0,0,0,0,0,0,0,6755,600,0
4120,0,0,0,0,0,0,0,0,0,0,0,0
4121,0,0,6755,600,0,6755,600,0,0,0,0,0
4124,0,0,6755,600,0,6755,600,0,0,6755,530,0
4127,1950,500,5825,600,0,5825,600,5825,600,5825,600,0
4128,0,0,0,0,0,0,0,0,0,0,0,0
4130,0,0,0,0,0,0,0,0,0,0,0,0
4131,0,0,0,0,0,0,0,0,0,0,0,0
4132,0,0,0,0,0,0,0,0,0,0,0,0
4133,0,0,0,0,0,0,0,0,0,0,0,0
4134,0,0,0,0,0,0,0,0,0,0,0,0
4136,1950,500,5825,600,0,5825,600,5825,600,5825,600,0
4137,0,0,0,0,0,0,0,6755,600,6755,600,0
4139,1950,500,5825,600,0,5825,600,5825,600,5825,600,0
4140,0,0,0,0,0,0,0,6755,600,6755,600,0
4142,0,0,0,0,0,0,0,0,0,0,0,0
4143,0,0,0,0,0,0,0,0,0,0,0,0
4144,0,0,0,0,0,0,0,0,0,0,0,0
4145,0,0,0,0,0,0,0,0,0,0,0,0
4147,0,0,0,0,0,0,0,0,0,0,0,0
4148,0,0,0,0,0,0,0,0,0,0,0,0
4149,0,0,0,0,0,0,0,0,0,0,0,0
4150,0,0,0,0,0,0,0,0,0,0,0,0
4151,0,0,0,0,0,0,0,0,0,0,0,0
4152,0,0,0,0,0,0,0,0,0,0,0,0
4153,0,0,0,0,0,0,0,0,0,0,0,0
4154,0,0,0,0,0,0,0,0,0,0,0,0
4155,0,0,0,0,0,0,0,0,0,0,0,0
4156,0,0,0,0,0,0,0,0,0,0,0,0
4157,0,0,0,0,0,0,0,0,0,0,0,0
4158,0,0,0,0,0,0,0,0,0,0,0,0
4159,0,0,0,0,0,0,0,0,0,0,0,0
4160,0,0,0,0,0,0,0,0,0,0,0,0
4161,0,0,0,0,0,0,0,0,0,0,0,0
4162,0,0,0,0,0,0,0,0,0,0,0,0
4163,0,0,0,0,0,0,0,0,0,0,0,0
4164,0,0,0,0,0,0,0,0,0,0,0,0
4165,0,0,0,0,0,0,0,0,0,0,0,0
4166,0,0,0,0,0,0,0,0,0,0,0,0
4168,0,0,0,0,0,0,0,0,0,0,0,0
4169,0,0,0,0,0,0,0,0,0,0,0,0
4170,0,0,0,0,0,0,0,0,0,0,0,0
4171,0,0,0,0,0,0,0,0,0,0,0,0
4201,0,0,6755,600,0,6755,600,6755,600,6755,600,0
4204,0,0,0,0,0,0,0,0,0,0,0,0
4208,0,0,0,0,0,0,0,0,0,0,0,0
4211,0,0,0,0,0,0,0,0,0,5825,600,0
4212,0,0,6755,600,0,6755,600,6755,600,6755,600,0
4214,0,0,0,0,0,0,0,0,0,0,0,0
4215,0,0,0,0,0,0,0,0,0,0,0,0
4217,0,0,0,0,0,0,0,0,0,0,0,0
4218,0,0,0,0,0,0,0,0,0,0,0,0
4219,0,0,0,0,0,0,0,0,0,6755,600,0
4220,0,0,0,0,0,0,0,0,0,0,0,0
4222,0,500,5825,600,0,5825,600,5825,600,5825,600,0
4223,0,0,0,0,0,0,0,0,0,0,0,0
4224,0,0,0,0,0,0,0,0,0,0,0,0
4225,0,0,0,0,0,0,0,0,0,0,0,0
4226,0,0,0,0,0,0,0,0,0,0,0,0
4227,0,0,6755,600,0,6755,600,0,0,0,0,0
4228,0,0,6755,600,0,6755,600,0,0,0,0,0
4229,0,0,0,0,0,0,0,0,0,0,0,0
4230,0,0,0,0,0,0,0,0,0,0,0,0
4231,0,0,0,0,0,0,0,0,0,0,0,0
4232,0,0,0,0,0,0,0,0,0,0,0,0
4233,0,0,0,0,0,0,0,0,0,0,0,0
4234,0,0,0,0,0,0,0,0,0,7030,600,0
4235,0,0,0,0,0,0,0,0,0,0,0,0
4236,0,0,0,0,0,0,0,0,0,7030,600,0
4237,0,0,0,0,0,0,0,0,0,7030,600,0
4238,0,0,0,0,0,0,0,0,0,0,0,0
4239,0,0,7030,600,0,7030,600,0,0,0,0,0
4240,0,0,7030,600,0,7030,600,0,0,0,0,0
4241,0,0,0,0,0,0,0,0,0,7030,600,0
4242,0,0,0,0,0,0,0,0,0,0,0,0
4243,0,0,0,0,0,0,0,0,0,0,0,0
4244,0,0,0,0,0,0,0,0,0,0,0,0
4245,0,0,0,0,0,0,0,0,0,0,0,0
4246,0,0,0,0,0,0,0,0,0,7030,600,0
4247,0,0,0,0,0,0,0,0,0,7030,600,0
4248,0,0,0,0,0,0,0,0,0,0,0,0
4249,0,0,7030,600,0,7030,600,0,0,0,0,0
4250,0,0,0,0,0,0,0,0,0,7030,600,0
4251,0,0,0,0,0,0,0,0,0,0,0,0
4252,0,0,7030,600,0,0,0,0,0,7030,600,0
4253,0,0,0,0,0,0,0,0,0,0,0,0
4254,0,0,0,0,0,0,0,0,0,0,0,0
4255,0,0,0,0,0,0,0,0,0,0,0,0
4256,0,0,0,0,0,0,0,0,0,7030,600,0
4257,0,0,7030,600,0,7030,600,0,0,0,0,0
4258,0,0,0,0,0,0,0,0,0,0,0,0
4259,0,0,0,0,0,0,0,0,0,0,0,0
4260,0,0,0,0,0,0,0,0,0,0,0,0
4261,0,0,0,0,0,0,0,0,0,0,0,0
4262,0,0,0,0,0,0,0,0,0,0,0,0
4263,0,0,0,0,0,0,0,0,0,0,0,0
4264,0,0,0,0,0,0,0,0,0,7030,600,0
4265,0,0,0,0,0,0,0,0,0,0,0,0
4266,0,0,0,0,0,0,0,0,0,0,0,0
4267,0,0,0,0,0,0,0,0,0,7030,600,0
4268,0,0,0,0,0,0,0,0,0,0,0,0
4269,0,0,7030,600,0,7030,600,7030,600,7030,600,0
4271,0,0,0,0,0,0,0,0,0,7030,600,0
4272,0,0,0,0,0,0,0,0,0,7030,600,0
4273,0,0,0,0,0,0,0,0,0,7030,600,0
4274,0,0,0,0,0,0,0,0,0,0,0,0
4275,0,0,0,0,0,0,0,0,0,0,0,0
4276,0,0,0,0,0,0,0,0,0,0,0,0
4277,0,0,0,0,0,0,0,0,0,0,0,0
4278,0,0,0,0,0,0,0,0,0,7030,600,0
4279,0,0,0,0,0,0,0,0,0,0,0,0
4280,0,0,0,0,0,0,0,0,0,0,0,0
4281,0,0,0,0,0,0,0,0,0,0,0,0
4282,0,0,0,0,0,0,0,7030,600,7030,600,0
4283,0,0,0,0,0,0,0,0,0,0,0,0
4284,0,0,0,0,0,0,0,0,0,0,0,0
4285,0,0,0,0,0,0,0,0,0,0,0,0
4286,0,0,0,0,0,0,0,0,0,7030,600,0
4287,0,0,0,0,0,0,0,0,0,0,0,0
4288,0,0,7030,600,0,7030,600,0,0,0,0,0
4289,0,0,0,0,0,0,0,7030,600,7030,600,0
4290,0,0,0,0,0,0,0,0,0,0,0,0
4291,0,0,0,0,0,0,0,0,0,0,0,0
4292,0,0,7030,600,0,7030,600,0,0,0,0,0
4293,0,0,0,0,0,0,0,0,0,0,0,0
4294,0,0,0,0,0,0,0,0,0,0,0,0
4295,0,0,0,0,0,0,0,0,0,0,0,0
4296,0,0,0,0,0,0,0,0,0,0,0,0
4297,0,0,0,0,0,0,0,0,0,0,0,0
4298,0,0,0,0,0,0,0,0,0,0,0,0
4299,0,0,0,0,0,0,0,0,0,0,0,0
4300,0,0,0,0,0,0,0,0,0,0,0,0
4301,0,0,0,0,0,0,0,7030,600,7030,600,0
4302,0,0,0,0,0,0,0,0,0,0,0,0
4303,0,0,7030,600,0,7030,600,7030,600,7030,600,0
4304,0,0,0,0,0,0,0,7030,600,7030,600,0
4305,0,0,0,0,0,0,0,0,0,7030,600,0
4306,0,0,0,0,0,0,0,0,0,7030,600,0
4307,0,0,0,0,0,0,0,0,0,0,0,0
4308,0,0,0,0,0,0,0,0,0,0,0,0
4309,0,0,0,0,0,0,0,0,0,7030,600,0
4310,0,0,0,0,0,7030,600,7030,600,7030,600,0
4312,0,0,0,0,0,0,0,0,0,7030,600,0
4313,0,0,0,0,0,0,0,0,0,0,0,0
4315,0,0,0,0,0,0,0,0,0,7030,600,0
4316,0,0,0,0,0,0,0,7030,600,7030,600,0
4317,0,0,0,0,0,0,0,7030,600,7030,600,0
4318,0,0,0,0,0,0,0,0,0,7030,600,0
4319,0,0,0,0,0,0,0,0,0,7030,600,0
4320,0,0,0,0,0,0,0,0,0,0,0,0
4321,0,0,0,0,0,0,0,0,0,7030,600,0
4322,0,0,0,0,0,0,0,0,0,0,0,0
4323,0,0,0,0,0,0,0,0,0,0,0,0
4324,0,0,0,0,0,0,0,7030,600,7030,600,0
4325,0,0,0,0,0,0,0,0,0,7030,600,0
4326,0,0,0,0,0,0,0,0,0,0,0,0
4327,0,0,0,0,0,0,0,0,0,0,0,0
4328,0,0,0,0,0,0,0,0,0,0,0,0
4329,0,0,0,0,0,0,0,0,0,0,0,0
4330,0,0,0,0,0,0,0,0,0,0,0,0
4331,0,0,0,0,0,0,0,0,0,0,0,0
4332,0,0,0,0,0,0,0,0,0,7030,600,0
4333,0,0,7030,600,0,7030,600,0,0,7030,600,0
4334,0,0,0,0,0,0,0,0,0,0,0,0
4335,0,0,0,0,0,0,0,0,0,7030,600,0
4336,0,0,0,0,0,0,0,0,0,0,0,0
4337,0,0,0,0,0,0,0,0,0,0,0,0
4338,0,0,0,0,0,0,0,0,0,0,0,0
4339,0,0,0,0,0,0,0,0,0,0,0,0
4340,0,0,0,0,0,0,0,0,0,0,0,0
4341,0,0,0,0,0,0,0,0,0,0,0,0
4342,0,0,0,0,0,7030,600,7030,600,7030,600,0
4343,0,0,0,0,0,0,0,0,0,0,0,0
4344,0,0,0,0,0,0,0,7030,600,7030,600,0
4345,0,0,0,0,0,0,0,0,0,0,0,0
4347,0,0,0,0,0,0,0,7030,600,7030,600,0
4348,0,0,0,0,0,0,0,0,0,0,0,0
4349,0,0,0,0,0,0,0,0,0,0,0,0
4350,0,0,0,0,0,0,0,0,0,7030,600,0
4351,0,0,0,0,0,0,0,0,0,0,0,0
4352,0,0,0,0,0,0,0,0,0,0,0,0
4353,0,0,0,0,0,0,0,0,0,0,0,0
4354,0,0,0,0,0,0,0,7030,600,7030,600,0
4355,0,0,0,0,0,0,0,0,0,7030,600,0
4356,0,0,0,0,0,0,0,0,0,7030,600,0
4357,0,0,7030,600,0,7030,600,7030,600,7030,600,0
4358,0,0,0,0,0,0,0,0,0,7030,600,0
4359,0,0,0,0,0,0,0,0,0,0,0,0
4360,0,0,0,0,0,0,0,0,0,0,0,0
4361,0,0,0,0,0,0,0,0,0,7030,600,0
4363,0,0,0,0,0,0,0,7030,600,7030,600,0
4364,0,0,0,0,0,0,0,0,0,0,0,0
4365,0,0,7030,600,0,7030,600,7030,600,7030,600,0
4367,0,0,0,0,0,0,0,0,0,0,0,0
4368,0,0,0,0,0,0,0,0,0,0,0,0
4369,0,0,0,0,0,0,0,0,0,0,0,0
4370,0,0,0,0,0,0,0,0,0,0,0,0
4371,0,0,0,0,0,0,0,7030,600,7030,600,0
4372,0,0,0,0,0,0,0,0,0,0,0,0
4373,1950,500,5825,600,0,5825,600,5825,600,5825,600,0
4374,0,0,0,0,0,0,0,0,0,0,0,0
4375,0,0,0,0,0,5825,600,5825,600,5825,600,0
4376,1950,500,5825,600,0,5825,600,5825,600,5825,600,0
4377,0,0,0,0,0,0,0,0,0,0,0,0
4378,1950,500,5825,600,0,5825,600,5825,600,5825,600,0
4379,0,500,5825,600,0,5825,600,5825,600,5825,600,0
4380,0,500,5825,600,0,5825,600,5825,600,5825,600,0
4381,1950,500,5825,600,0,5825,600,5825,600,5825,600,0
4382,1950,500,5825,600,0,5825,600,5825,600,5825,600,0
4383,1950,500,5825,600,0,5825,600,5825,600,5825,600,0
4384,1950,500,5825,600,0,5825,600,5825,600,5825,600,0
4385,1950,500,5825,600,0,5825,600,5825,600,5825,600,0
4386,1950,500,5825,600,0,5825,600,5825,600,5825,600,0
4387,1950,500,5825,600,0,5825,600,5825,600,5825,600,0
4388,0,500,5825,600,0,5825,600,5825,600,5825,600,0
4389,1950,500,5825,600,0,5825,600,5825,600,5825,600,0
4390,0,500,5825,600,0,5825,600,5825,600,5825,600,0
4391,1950,500,5825,600,0,5825,600,5825,600,5825,600,0
4392,1950,500,5825,600,0,5825,600,5825,600,5825,600,0
4393,1950,500,5825,600,0,5825,600,5825,600,5825,600,0
4394,1950,500,5825,600,0,5825,600,5825,600,5825,600,0
4395,1950,500,5825,600,0,5825,600,5825,600,5825,600,0
4396,1950,500,5825,600,0,5825,600,5825,600,5825,600,0
4397,1950,500,5825,600,0,5825,600,5825,600,5825,600,0
4398,1950,500,5825,600,0,5825,600,5825,600,5825,600,0
4399,1950,500,5825,600,0,5825,600,5825,600,5825,600,0
4400,1950,500,5825,600,0,5825,600,5825,600,5825,600,0
4401,1950,500,5825,600,0,5825,600,5825,600,5825,600,0
4402,1950,500,5825,600,0,5825,600,5825,600,5825,600,0
4403,1950,500,5825,600,0,5825,600,5825,600,5825,600,0
4404,1950,500,5825,600,0,5825,600,5825,600,5825,600,0
4405,1950,500,5825,600,0,5825,600,5825,600,5825,600,0
4406,1950,500,5825,600,0,5825,600,5825,600,5825,600,0
4407,1950,500,5825,600,0,5825,600,5825,600,5825,600,0
4409,1950,500,5825,600,0,5825,600,5825,600,5825,600,0
4410,1950,500,5825,600,0,5825,600,5825,600,5825,600,0
4411,0,0,5380,600,0,5380,600,0,0,0,0,0
4412,0,0,0,0,0,0,0,0,0,5380,600,0
4413,0,0,0,0,0,0,0,5380,600,5380,600,0
4414,0,0,5380,600,0,5380,600,5380,600,5380,600,0
4415,0,0,0,0,0,0,0,0,0,0,0,0
4416,0,0,5380,600,0,5380,600,0,0,0,0,0
4417,0,0,0,0,0,0,0,5380,600,5380,600,0
4418,0,0,0,0,0,0,0,0,0,0,0,0
4419,0,0,5380,600,0,5380,600,0,0,0,0,0
4420,0,0,5380,600,0,5380,600,5380,600,5380,600,0
4421,0,0,5380,600,0,5380,600,0,0,0,0,0
4422,0,0,5380,600,0,5380,600,5380,600,5380,600,0
4423,0,0,0,0,0,0,0,0,0,0,0,0
4424,0,0,5380,600,0,5380,600,0,0,5380,600,0
4425,0,0,0,0,0,0,0,0,0,0,0,0
4426,0,0,0,0,0,0,0,0,0,0,0,0
4427,0,0,0,0,0,0,0,0,0,5380,600,0
4428,0,0,0,0,0,5380,600,5380,600,5380,600,0
4429,0,0,0,0,0,5380,600,5380,600,5380,600,0
4430,0,0,5380,600,0,5380,600,5380,600,5380,600,0
4431,0,0,5380,600,0,5380,600,5380,600,5380,600,0
4432,0,0,0,0,0,0,0,0,0,0,0,0
4433,0,0,0,0,0,0,0,0,0,0,0,0
4434,0,0,0,0,0,0,0,0,0,0,0,0
4435,0,0,5380,600,0,0,0,0,0,0,0,0
4436,0,0,0,0,0,0,0,0,0,5380,600,0
4437,0,0,0,0,0,0,0,0,0,0,0,0
4438,0,0,0,0,0,0,0,0,0,5380,600,0
4439,0,0,0,0,0,0,0,0,0,0,0,0
4440,0,0,0,0,0,0,0,0,0,0,0,0
4441,0,0,0,0,0,0,0,0,0,5380,600,0
4442,0,0,0,0,0,0,0,0,0,0,0,0
4443,0,0,0,0,0,0,0,0,0,0,0,0
4444,0,0,6755,600,0,6755,600,6755,600,6755,600,0
4445,0,0,0,0,0,0,0,0,0,7030,600,0
4446,0,0,0,0,0,0,0,0,0,0,0,0
4448,0,0,0,0,0,0,0,0,0,7030,600,0
4449,0,0,0,0,0,0,0,0,0,0,0,0
4450,0,0,0,0,0,0,0,0,0,0,0,0
4451,0,0,0,0,0,0,0,0,0,0,0,0
4452,0,500,5825,600,0,5825,600,5825,600,5825,600,0
4453,1950,500,5825,600,0,5825,600,5825,600,5825,600,0
4454,0,0,0,0,0,0,0,0,0,0,0,0
4455,0,0,6755,600,0,6755,600,6755,600,6755,600,0
4456,0,0,0,0,0,0,0,0,0,0,0,0
4457,0,0,0,0,0,0,0,7030,600,7030,600,0
4458,0,0,0,0,0,0,0,0,0,0,0,0
4459,0,0,0,0,0,0,0,0,0,0,0,0
4460,0,0,5380,600,0,5380,600,5380,600,5380,600,0
4461,0,0,0,0,0,0,0,7030,600,7030,600,0
4462,0,0,0,0,0,0,0,0,0,0,0,0
4463,0,0,0,0,0,0,0,0,0,0,0,0
4464,0,0,0,0,0,0,0,6755,600,6755,600,0
4465,0,0,0,0,0,0,0,5380,600,5380,600,0
4467,0,0,5380,600,0,5380,600,0,0,5380,600,0
4468,0,0,5380,600,0,5380,600,0,0,5380,600,0
4469,0,0,0,0,0,0,0,0,0,5380,600,0
4470,0,0,0,0,0,0,0,0,0,0,0,0
4471,0,0,0,0,0,0,0,0,0,5380,600,0
4472,0,0,0,0,0,0,0,0,0,0,0,0
4473,0,0,5380,600,0,5380,600,5380,600,5380,600,0
4474,0,0,0,0,0,0,0,0,0,0,0,0
4475,0,500,5380,600,0,5380,600,5380,600,5380,600,0
4476,1950,500,5825,600,0,5825,600,5825,600,5825,600,0
4477,0,0,0,0,0,0,0,0,0,0,0,0
4478,0,0,0,0,0,0,0,0,0,0,0,0
4479,0,0,0,0,0,0,0,0,0,0,0,0
4480,0,0,0,0,0,0,0,0,0,5380,600,0
4481,0,0,5380,600,0,5380,600,5380,600,5380,600,0
4482,0,0,0,0,0,0,0,0,0,0,0,0
4483,0,0,0,0,0,0,0,0,0,0,0,0
4484,0,0,0,0,0,0,0,0,0,0,0,0
4485,0,0,0,0,0,0,0,0,0,0,0,0
4486,0,0,5380,600,0,5380,600,0,0,0,0,0
4487,0,0,0,0,0,0,0,0,0,5825,600,0
4488,0,0,5380,600,0,5380,600,5380,600,5380,600,0
4489,0,0,0,0,0,0,0,0,0,0,0,0
4491,0,0,5380,600,0,5380,600,0,0,0,0,0
4492,0,0,5380,600,0,5380,600,5380,600,5380,600,0
4493,0,0,0,0,0,0,0,0,0,5380,600,0
4494,0,0,5380,600,0,5380,600,5380,600,5380,600,0
4495,1950,500,5825,600,0,5825,600,5825,600,5825,600,0
4496,0,0,0,0,0,0,0,0,0,0,0,0
4497,1950,500,5825,600,0,5825,600,5825,600,5825,600,0
4498,0,0,5380,600,0,5380,600,5380,600,5380,600,0
4499,0,0,0,0,0,0,0,0,0,0,0,0
4500,0,0,0,0,0,0,0,0,0,0,0,0
4501,0,0,0,0,0,0,0,0,0,0,0,0
4502,0,0,0,0,0,0,0,0,0,0,0,0
4503,0,0,0,0,0,0,0,0,0,6755,600,0
4504,0,0,0,0,0,0,0,0,0,0,0,0
4505,0,0,0,0,0,0,0,0,0,0,0,0
4506,0,0,0,0,0,0,0,0,0,0,0,0
4507,0,0,0,0,0,0,0,0,0,0,0,0
4508,0,0,5380,600,0,5380,600,0,0,0,0,0
4509,0,0,0,0,0,0,0,0,0,0,0,0
4510,0,0,5380,600,0,5380,600,5380,600,5380,600,0
4511,0,0,0,0,0,0,0,0,0,0,0,0
4512,1950,500,5825,600,0,5825,600,5825,600,5825,600,0
4513,1950,500,5825,600,0,5825,600,5825,600,5825,600,0
4514,1950,500,5825,600,0,5825,600,5825,600,5825,600,0
4515,0,0,0,0,0,0,0,5380,600,5380,600,0
4516,0,0,0,0,0,0,0,0,0,0,0,0
4517,0,0,0,0,0,0,0,0,0,0,0,0
4518,1950,500,5825,600,0,5825,600,5825,600,5825,600,0
4519,0,0,0,0,0,0,0,0,0,0,0,0
4520,0,0,0,0,0,0,0,0,0,0,0,0
4521,0,0,0,0,0,0,0,0,0,0,0,0
4522,0,0,0,0,0,0,0,0,0,0,0,0
4523,0,0,0,0,0,0,0,0,0,0,0,0
4524,0,0,0,0,0,0,0,0,0,0,0,0
4525,0,0,0,0,0,0,0,0,0,0,0,0
4526,0,0,0,0,0,0,0,0,0,0,0,0
4527,0,0,0,0,0,0,0,0,0,0,0,0
4528,0,0,0,0,0,0,0,0,0,0,0,0
4529,0,0,0,0,0,0,0,0,0,0,0,0
4530,0,0,0,0,0,0,0,0,0,0,0,0
4531,0,0,0,0,0,0,0,0,0,0,0,0
4533,0,0,0,0,0,0,0,0,0,0,0,0
4534,0,0,0,0,0,0,0,0,0,0,0,0
4535,0,0,0,0,0,0,0,0,0,0,0,0
4536,0,0,0,0,0,0,0,0,0,0,0,0
4538,0,0,0,0,0,0,0,0,0,0,0,0
4539,0,0,0,0,0,0,0,0,0,0,0,0
4540,0,0,0,0,0,0,0,0,0,0,0,0
4541,0,0,0,0,0,0,0,0,0,0,0,0
4542,0,0,0,0,0,0,0,0,0,0,0,0
4543,0,0,0,0,0,0,0,0,0,0,0,0
4544,0,0,0,0,0,0,0,0,0,0,0,0
4545,0,0,0,0,0,0,0,0,0,0,0,0
4546,0,0,0,0,0,0,0,0,0,0,0,0
4547,0,0,0,0,0,0,0,0,0,0,0,0
4548,0,0,6755,600,0,6755,600,6755,600,6755,600,0
4549,0,0,0,0,0,0,0,0,0,0,0,0
4550,0,0,0,0,0,0,0,0,0,0,0,0
4551,0,0,0,0,0,0,0,0,0,0,0,0
4552,0,0,0,0,0,0,0,5380,600,5380,600,0
4553,1950,500,5825,600,0,5825,600,5825,600,5825,600,0
4554,0,0,0,0,0,0,0,0,0,6755,600,0
4555,0,0,0,0,0,0,0,0,0,6755,600,0
4556,1950,500,5825,600,0,5825,600,5825,600,5825,600,0
4558,0,0,0,0,0,0,0,6755,600,6755,600,0
4559,0,0,0,0,0,0,0,0,0,0,0,0
4562,0,0,0,0,0,0,0,0,0,0,0,0
4563,0,0,0,0,0,0,0,0,0,0,0,0
4564,0,0,8685,0,0,8685,0,0,0,0,0,0
4565,2900,500,8685,0,0,8685,0,8685,0,8685,0,0
4566,0,0,0,0,0,0,0,0,0,0,0,0
4567,0,0,0,0,0,0,0,0,0,0,0,0
4568,0,0,8685,0,0,8685,0,0,0,0,0,0
4569,0,0,0,0,0,0,0,0,0,0,0,0
4570,0,0,0,0,0,0,0,0,0,0,0,0
4571,0,0,0,0,0,0,0,0,0,0,0,0
4572,0,0,7170,0,0,7170,0,7170,0,7170,0,0
4573,1950,500,5825,600,0,5825,600,5825,600,5825,600,0
4574,0,0,6755,600,0,6755,600,0,0,6755,600,0
4575,0,0,6755,600,0,6755,600,6755,600,6755,600,0
4576,0,0,7030,600,0,7030,600,0,0,0,0,0
4577,0,0,7030,600,0,7030,600,0,0,7030,600,0
4578,0,0,7030,600,0,7030,600,0,0,7030,600,0
4579,0,0,7030,600,0,7030,600,0,0,7030,600,0
4580,0,0,7030,600,0,7030,600,0,0,0,0,0
4581,0,0,7030,600,0,7030,600,0,0,7030,600,0
4582,0,0,0,0,0,0,0,0,0,0,0,0
4583,0,0,7030,600,0,7030,600,7030,600,7030,600,0
4584,0,0,7030,600,0,7030,600,0,0,7030,600,0
4585,0,0,7030,600,0,7030,600,0,0,0,0,0
4586,0,0,7030,600,0,7030,600,0,0,7030,600,0
4587,0,0,7030,600,0,7030,600,0,0,0,0,0
4588,0,0,7030,600,0,7030,600,0,0,0,0,0
4589,0,0,7030,600,0,7030,600,0,0,0,0,0
4590,0,0,7030,600,0,7030,600,0,0,7030,600,0
4591,0,0,7030,600,0,7030,600,0,0,0,0,0
4592,0,0,7030,600,0,7030,600,0,0,7030,600,0
4593,0,0,7030,600,0,7030,600,0,0,7030,600,0
4594,0,0,7030,600,0,7030,600,0,0,0,0,0
4595,0,0,7030,600,0,7030,600,0,0,0,0,0
4596,0,0,7030,600,0,7030,600,0,0,7030,600,0
4597,0,0,7030,600,0,7030,600,0,0,0,0,0
4598,0,0,7030,600,0,7030,600,0,0,0,0,0
4599,0,0,7030,600,0,7030,600,0,0,7030,600,0
4600,0,0,7030,600,0,7030,600,0,0,0,0,0
4601,0,0,7030,600,0,7030,600,0,0,0,0,0
4602,0,0,7030,600,0,7030,600,0,0,0,0,0
4603,0,0,7030,600,0,7030,600,0,0,0,0,0
4604,0,0,7030,600,0,7030,600,0,0,0,0,0
4605,0,0,7030,600,0,7030,600,0,0,7030,600,0
4606,0,0,7030,600,0,7030,600,0,0,0,0,0
4607,0,0,7030,600,0,7030,600,0,0,7030,600,0
4608,2350,500,7030,600,0,7030,600,7030,600,7030,600,0
4609,2350,500,7030,600,0,7030,600,7030,600,7030,600,0
4610,2350,500,7030,600,0,7030,600,7030,600,7030,600,0
4611,0,0,7030,600,0,7030,600,0,0,0,0,0
4612,0,0,7030,600,0,7030,600,0,0,7030,600,0
4613,0,0,7030,600,0,7030,600,0,0,7030,600,0
4614,0,0,7030,600,0,7030,600,0,0,7030,600,0
4615,0,0,7030,600,0,7030,600,0,0,0,0,0
4616,0,0,7030,600,0,7030,600,0,0,7030,600,0
4617,2350,500,7030,600,0,7030,600,7030,600,7030,600,0
4618,0,0,7030,600,0,7030,600,0,0,7030,600,0
4619,0,0,7030,600,0,7030,600,0,0,7030,600,0
4620,0,0,7030,600,0,7030,600,0,0,0,0,0
4621,0,0,7030,600,0,7030,600,0,0,0,0,0
4622,0,0,7030,600,0,7030,600,0,0,0,0,0
4623,0,0,7030,600,0,7030,600,0,0,0,0,0
4624,0,0,7030,600,0,7030,600,0,0,0,0,0
4625,0,0,7030,600,0,7030,600,0,0,0,0,0
4626,0,0,7030,600,0,7030,600,0,0,0,0,0
4627,0,0,7030,600,0,7030,600,0,0,0,0,0
4628,0,0,7030,600,0,7030,600,0,0,0,0,0
4629,0,0,7030,600,0,7030,600,0,0,0,0,0
4630,2350,500,7030,600,0,7030,600,7030,600,7030,600,0
4631,0,0,7030,600,0,7030,600,7030,600,7030,600,0
4632,0,0,7030,600,0,7030,600,0,0,0,0,0
4633,0,0,7030,600,0,7030,600,0,0,7030,600,0
4634,0,0,7030,600,0,7030,600,0,0,0,0,0
4635,0,0,7030,600,0,7030,600,7030,600,7030,600,0
4636,2350,500,7030,600,0,7030,600,7030,600,7030,600,0
4637,0,0,7030,600,0,7030,600,0,0,7030,600,0
4638,0,0,7030,600,0,7030,600,0,0,0,0,0
4639,0,0,7030,600,0,7030,600,0,0,7030,600,0
4640,0,0,7030,600,0,7030,600,0,0,0,0,0
4641,2350,500,7030,600,0,7030,600,7030,600,7030,600,0
4642,0,0,7030,600,0,7030,600,7030,600,7030,600,0
4643,2350,500,7030,600,0,7030,600,7030,600,7030,600,0
4644,2350,500,7030,600,0,7030,600,7030,600,7030,600,0
4645,2350,500,7030,600,0,7030,600,7030,600,7030,600,0
4646,0,0,7030,600,0,7030,600,7030,600,7030,600,0
4647,0,0,7030,600,0,7030,600,0,0,0,0,0
4648,0,0,7030,600,0,7030,600,7030,600,7030,600,0
4649,0,0,7030,600,0,7030,600,0,0,7030,600,0
4650,0,0,7030,600,0,7030,600,0,0,7030,600,0
4651,2350,500,7030,600,0,7030,600,7030,600,7030,600,0
4652,0,0,7030,600,0,7030,600,7030,600,7030,600,0
4653,2350,500,7030,600,0,7030,600,7030,600,7030,600,0
4654,0,0,7030,600,0,7030,600,0,0,7030,600,0
4655,0,0,7030,600,0,7030,600,0,0,0,0,0
4656,0,0,7030,600,0,7030,600,0,0,7030,600,0
4657,0,0,7030,600,0,7030,600,0,0,0,0,0
4658,0,0,7030,600,0,7030,600,0,0,0,0,0
4659,0,0,7030,600,0,7030,600,0,0,0,0,0
4660,0,0,7030,600,0,7030,600,0,0,7030,600,0
4662,0,0,7030,600,0,7030,600,0,0,0,0,0
4663,0,0,7030,600,0,7030,600,0,0,0,0,0
4664,0,0,7030,600,0,7030,600,0,0,0,0,0
4665,0,0,7030,600,0,7030,600,0,0,7030,600,0
4666,0,0,7030,600,0,7030,600,7030,600,7030,600,0
4667,0,0,7030,600,0,7030,600,0,0,7030,600,0
4668,0,0,7030,600,0,7030,600,0,0,0,0,0
4669,0,0,7030,600,0,7030,600,0,0,0,0,0
4670,0,0,7030,600,0,7030,600,0,0,7030,600,0
4671,0,0,7030,600,0,7030,600,0,0,0,0,0
4672,0,0,7030,600,0,7030,600,0,0,0,0,0
4673,0,0,7030,600,0,7030,600,0,0,0,0,0
4674,0,0,7030,600,0,7030,600,0,0,0,0,0
4675,0,0,7030,600,0,7030,600,0,0,0,0,0
4676,0,0,7030,600,0,7030,600,7030,600,7030,600,0
4677,0,0,7030,600,0,7030,600,0,0,0,0,0
4678,0,0,7030,600,0,7030,600,0,0,7030,600,0
4679,0,0,7030,600,0,7030,600,0,0,0,0,0
4680,0,0,7030,600,0,7030,600,0,0,0,0,0
4681,0,0,7030,600,0,7030,600,0,0,0,0,0
4682,0,0,7030,600,0,7030,600,0,0,0,0,0
4683,0,0,7030,600,0,7030,600,0,0,0,0,0
4684,0,0,7030,600,0,7030,600,0,0,0,0,0
4685,0,0,7030,600,0,7030,600,7030,600,7030,600,0
4686,0,0,7030,600,0,7030,600,0,0,0,0,0
4687,0,0,7030,600,0,7030,600,0,0,0,0,0
4688,0,0,7030,600,0,7030,600,0,0,7030,600,0
4689,0,0,7030,600,0,7030,600,0,0,0,0,0
4690,0,0,7030,600,0,7030,600,0,0,7030,600,0
4692,0,0,7030,600,0,7030,600,0,0,0,0,0
4693,0,0,7030,600,0,7030,600,7030,600,7030,600,0
4694,0,0,7030,600,0,7030,600,0,0,0,0,0
4695,0,0,7030,600,0,7030,600,0,0,0,0,0
4696,0,0,7030,600,0,7030,600,7030,600,7030,600,0
4697,0,0,0,0,0,0,0,0,0,0,0,0
4698,0,0,0,0,0,0,0,0,0,7030,600,0
4699,0,0,7030,600,0,7030,600,0,0,0,0,0
4700,0,0,7030,600,0,7030,600,0,0,0,0,0
4701,0,0,7030,600,0,7030,600,0,0,0,0,0
4702,0,0,0,0,0,0,0,0,0,0,0,0
4703,0,0,7030,600,0,7030,600,0,0,0,0,0
4704,0,0,7030,600,0,7030,600,0,0,0,0,0
4705,0,0,7030,600,0,7030,600,7030,600,7030,600,0
4706,0,0,7030,600,0,7030,600,7030,600,7030,600,0
4707,0,0,7030,600,0,7030,600,7030,600,7030,600,0
4708,0,0,7030,600,0,7030,600,0,0,0,0,0
4709,0,0,7030,600,0,7030,600,0,0,0,0,0
4710,0,0,0,0,0,0,0,0,0,0,0,0
4711,0,0,0,0,0,0,0,0,0,7030,600,0
4712,0,0,7030,600,0,7030,600,0,0,0,0,0
4713,0,0,0,0,0,0,0,0,0,0,0,0
4714,0,0,7030,600,0,7030,600,7030,600,7030,600,0
4716,0,0,0,0,0,0,0,0,0,0,0,0
4717,0,0,6755,600,0,6755,600,0,0,6755,600,0
4718,0,0,6755,600,0,6755,600,6755,600,6755,600,0
4719,0,0,6755,600,0,6755,600,0,0,0,0,0
4720,0,0,0,0,0,0,0,0,0,6755,600,0
4721,0,0,6755,600,0,6755,600,0,0,0,0,0
4722,0,0,6755,600,0,6755,600,6755,600,6755,600,0
4723,0,0,5380,600,0,5380,600,5380,600,5380,600,0
4724,0,0,6755,600,0,6755,600,0,0,0,0,0
4725,1950,500,5825,600,0,5825,600,5825,600,5825,600,0
4726,0,0,6755,600,0,6755,600,6755,600,6755,600,0
4727,0,0,5380,600,0,5380,600,0,0,0,0,0
4728,0,0,7030,600,0,7030,600,0,0,7030,600,0
4729,0,0,0,0,0,0,0,0,0,0,0,0
4730,1950,500,5825,600,0,5825,600,5825,600,5825,600,0
4731,1950,500,5825,600,0,5825,600,5825,600,5825,600,0
4732,0,0,5380,600,0,5380,600,0,0,0,0,0
4733,0,0,6755,600,0,6755,600,6755,600,6755,600,0
4734,0,0,7030,600,0,7030,600,7030,600,7030,600,0
4735,0,0,7030,600,0,7030,600,0,0,0,0,0
4736,0,0,7030,600,0,7030,600,7030,600,7030,600,0
4737,0,0,7030,600,0,7030,600,7030,600,7030,600,0
4738,0,0,7030,600,0,7030,600,7030,600,7030,600,0
4739,1950,500,5825,600,0,5825,600,5825,600,5825,600,0
4740,0,0,6755,600,0,6755,600,0,0,0,0,0
4741,0,0,6755,600,0,6755,600,6755,600,6755,600,0
4742,0,0,7030,600,0,7030,600,0,0,7030,600,0
4743,0,0,6755,600,0,6755,600,0,0,0,0,0
4744,0,0,6755,600,0,6755,600,6755,600,6755,600,0
4745,0,0,6755,600,0,6755,600,6755,600,6755,600,0
4746,0,0,0,0,0,0,0,0,0,0,0,0
4747,0,0,0,0,0,0,0,0,0,0,0,0
4748,0,0,0,0,0,0,0,0,0,0,0,0
4749,0,0,0,0,0,0,0,0,0,0,0,0
4750,0,0,0,0,0,0,0,0,0,0,0,0
4751,0,0,0,0,0,0,0,0,0,0,0,0
4752,0,0,0,0,0,0,0,0,0,0,0,0
4753,0,0,0,0,0,0,0,0,0,0,0,0
4754,0,0,0,0,0,0,0,0,0,0,0,0
4755,0,0,0,0,0,0,0,0,0,0,0,0
4756,0,0,0,0,0,0,0,0,0,0,0,0
4757,0,0,0,0,0,0,0,0,0,0,0,0
4758,0,0,0,0,0,0,0,0,0,0,0,0
4759,0,0,0,0,0,0,0,0,0,0,0,0
4760,0,0,0,0,0,0,0,0,0,0,0,0
4761,0,0,0,0,0,0,0,0,0,0,0,0
4762,0,0,0,0,0,0,0,0,0,0,0,0
4763,0,0,0,0,0,0,0,0,0,0,0,0
4764,0,0,0,0,0,0,0,0,0,0,0,0
4765,0,0,0,0,0,0,0,0,0,0,0,0
4766,0,0,0,0,0,0,0,0,0,0,0,0
4767,0,0,0,0,0,0,0,0,0,0,0,0
4768,0,0,0,0,0,0,0,0,0,0,0,0
4769,0,0,0,0,0,0,0,0,0,0,0,0
4770,0,0,0,0,0,0,0,0,0,0,0,0
4771,0,0,0,0,0,0,0,0,0,0,0,0
4772,0,0,0,0,0,0,0,0,0,0,0,0
4774,0,0,8685,0,0,8685,0,8685,0,8685,0,0
4775,0,0,8685,0,0,8685,0,8685,0,8685,0,0
4776,0,0,0,0,0,0,0,8685,0,8685,0,0
4777,0,0,8685,0,0,8685,0,8685,0,8685,0,0
4778,0,0,7030,600,0,7030,600,0,0,7030,600,0
4779,1950,500,5825,600,0,5825,600,5825,600,5825,600,0
4780,1950,500,5825,600,0,5825,600,5825,600,5825,600,0
4781,0,0,0,0,0,0,0,0,0,0,0,0
4782,0,0,0,0,0,7030,600,7030,600,7030,600,0
4783,0,0,6755,600,0,6755,600,6755,600,6755,600,0
4784,0,0,0,0,0,0,0,0,0,0,0,0
4785,0,0,0,0,0,0,0,0,0,0,0,0
4786,0,0,0,0,0,0,0,7030,600,7030,600,0
4787,0,0,8685,0,0,8685,0,0,0,8685,0,0
4788,0,0,0,0,0,0,0,0,0,0,0,0
4789,0,0,8685,0,0,8685,0,0,0,8685,0,0
4790,0,0,7030,600,0,7030,600,7030,600,7030,600,0
4791,0,0,6755,600,0,6755,600,6755,600,6755,600,0
4792,0,0,5380,600,0,5380,600,5380,600,5380,600,0
4793,0,0,5825,600,0,5825,600,5825,600,5825,600,0
4794,0,0,0,0,0,0,0,0,0,0,0,0
4795,0,0,0,0,0,0,0,0,0,0,0,0
